learning_rate,epochs,reg_l1,reg_l2,batch_size,threshold,acc,prec,rec,f1,log_loss,overall
0.01,100,0.0,0.0,16,0.4,0.72,0.6835637480798771,0.8460076045627376,0.756159728122345,0.544755036561729,0.6141749748942492
0.01,100,0.0,0.0,32,0.45,0.7268292682926829,0.7009803921568627,0.8155893536121673,0.7539543057996485,0.548670239931791,0.612156489608774
0.01,100,0.0,0.0,64,0.45,0.7112195121951219,0.6813880126182965,0.8212927756653993,0.7448275862068966,0.5603651071529996,0.6002523519602504
0.01,100,0.0,0.001,16,0.4,0.7209756097560975,0.6846153846153846,0.8460076045627376,0.7568027210884354,0.5450411250226332,0.6145892073053374
0.01,100,0.0,0.001,32,0.45,0.7248780487804878,0.6986970684039088,0.8155893536121673,0.7526315789473684,0.548968293726713,0.610968960035321
0.01,100,0.0,0.001,64,0.45,0.7092682926829268,0.680379746835443,0.8174904942965779,0.7426597582037997,0.5606408154644562,0.5985462759173354
0.01,100,0.0,0.01,16,0.4,0.7160975609756097,0.6772247360482655,0.8536121673003803,0.7552565180824222,0.548072561842088,0.6120401442174347
0.01,100,0.0,0.01,32,0.45,0.7209756097560975,0.6929260450160771,0.8193916349809885,0.7508710801393729,0.5519183420783011,0.6082956019756156
0.01,100,0.0,0.01,64,0.45,0.7102439024390244,0.6803149606299213,0.8212927756653993,0.7441860465116279,0.5630333944117579,0.598768633976374
0.01,100,0.0,0.1,16,0.4,0.6907317073170731,0.6355382619974059,0.9315589353612167,0.7555898226676947,0.5828731717032102,0.5991216458972877
0.01,100,0.0,0.1,32,0.4,0.6897560975609756,0.6347150259067358,0.9315589353612167,0.7550077041602465,0.5831482858211466,0.5985659011454705
0.01,100,0.0,0.1,64,0.45,0.7112195121951219,0.6731927710843374,0.8498098859315589,0.7512605042016807,0.5867813381120291,0.594971458341186
0.01,100,0.001,0.0,16,0.4,0.7229268292682927,0.6861538461538461,0.8479087452471483,0.7585034013605442,0.5449951833981109,0.615916493649015
0.01,100,0.001,0.0,32,0.45,0.7248780487804878,0.6986970684039088,0.8155893536121673,0.7526315789473684,0.5490382034657054,0.6109437454268825
0.01,100,0.001,0.0,64,0.45,0.7112195121951219,0.6813880126182965,0.8212927756653993,0.7448275862068966,0.5608566659198982,0.6000750596114228
0.01,100,0.001,0.001,16,0.4,0.7209756097560975,0.6834862385321101,0.8498098859315589,0.7576271186440678,0.5453073120774412,0.6150438129969338
0.01,100,0.001,0.001,32,0.45,0.7248780487804878,0.6986970684039088,0.8155893536121673,0.7526315789473684,0.5493285868171388,0.6108390117716149
0.01,100,0.001,0.001,64,0.45,0.7121951219512195,0.6818897637795276,0.8231939163498099,0.7459086993970715,0.5611502347072601,0.6007713181488673
0.01,100,0.001,0.01,16,0.4,0.7190243902439024,0.6786786786786787,0.8593155893536122,0.7583892617449665,0.5484712878157042,0.6142648463611795
0.01,100,0.001,0.01,32,0.45,0.72,0.6918138041733547,0.8193916349809885,0.7502175805047868,0.5523768322399814,0.6075980720643719
0.01,100,0.001,0.01,64,0.45,0.713170731707317,0.6818181818181818,0.8269961977186312,0.7474226804123711,0.5635789683220483,0.600976200193737
0.01,100,0.001,0.1,16,0.4,0.6907317073170731,0.6355382619974059,0.9315589353612167,0.7555898226676947,0.5834299756405723,0.5989208213274927
0.01,100,0.001,0.1,32,0.4,0.6878048780487804,0.6330749354005168,0.9315589353612167,0.7538461538461538,0.5837857182033488,0.5974249074046981
0.01,100,0.001,0.1,64,0.45,0.7112195121951219,0.6731927710843374,0.8498098859315589,0.7512605042016807,0.5874292303841314,0.594737780599188
0.01,100,0.01,0.0,16,0.4,0.7297560975609756,0.6849925705794948,0.876425855513308,0.7689741451209341,0.5488058967057154,0.6222294569602859
0.01,100,0.01,0.0,32,0.4,0.7121951219512195,0.6691068814055637,0.8688212927756654,0.7559966914805625,0.553732686044695,0.6102561613265843
0.01,100,0.01,0.0,64,0.4,0.6995121951219512,0.6548295454545454,0.876425855513308,0.7495934959349594,0.5663060786506297,0.6005032478463032
0.01,100,0.01,0.001,16,0.4,0.7297560975609756,0.6844444444444444,0.8783269961977186,0.7693588676103247,0.5493374793700116,0.6223094555398845
0.01,100,0.01,0.001,32,0.4,0.7121951219512195,0.6686131386861314,0.870722433460076,0.7563996696944674,0.5541585643423905,0.6103897253118089
0.01,100,0.01,0.001,64,0.4,0.6995121951219512,0.6548295454545454,0.876425855513308,0.7495934959349594,0.5666114281315923,0.6003931163008225
0.01,100,0.01,0.01,16,0.4,0.7248780487804878,0.6783625730994152,0.8821292775665399,0.7669421487603306,0.5535936533196321,0.6187924461840605
0.01,100,0.01,0.01,32,0.4,0.7102439024390244,0.6657018813314037,0.8745247148288974,0.7559572719802794,0.5577494348943319,0.6086794009063703
0.01,100,0.01,0.01,64,0.4,0.6965853658536585,0.6511954992967651,0.8802281368821293,0.7485852869846402,0.5692685581008564,0.5985872155893521
0.01,100,0.01,0.1,16,0.4,0.6839024390243903,0.6265664160401002,0.9505703422053232,0.7552870090634441,0.5898520468260613,0.5965617969547974
0.01,100,0.01,0.1,32,0.4,0.6839024390243903,0.6265664160401002,0.9505703422053232,0.7552870090634441,0.5901443078890904,0.596456386058228
0.01,100,0.01,0.1,64,0.4,0.6721951219512196,0.6172839506172839,0.9505703422053232,0.7485029940119761,0.5936605508214777,0.5898795750895431
0.01,100,0.1,0.0,16,0.5,0.6819512195121952,0.65527950310559,0.8022813688212928,0.7213675213675214,0.65111458554549,0.5491927233087837
0.01,100,0.1,0.0,32,0.5,0.6848780487804879,0.6583463338533542,0.8022813688212928,0.7232219365895458,0.6531525219777561,0.5499736874579673
0.01,100,0.1,0.0,64,0.5,0.6829268292682927,0.6534351145038167,0.8136882129277566,0.724809483488569,0.6596543335463931,0.5484616411752392
0.01,100,0.1,0.001,16,0.5,0.6819512195121952,0.6547987616099071,0.8041825095057035,0.7218430034129693,0.6516793854630063,0.549296908113647
0.01,100,0.1,0.001,32,0.5,0.68,0.6527777777777778,0.8041825095057035,0.7206132879045997,0.6534786420923824,0.5476436548891775
0.01,100,0.1,0.001,64,0.5,0.6790243902439025,0.649923896499239,0.811787072243346,0.7218934911242604,0.6597336938169341,0.546131239359738
0.01,100,0.1,0.01,16,0.5,0.6829268292682927,0.6529680365296804,0.8155893536121673,0.7252747252747253,0.6543619682788109,0.550678524411141
0.01,100,0.1,0.01,32,0.5,0.6848780487804879,0.6563944530046225,0.8098859315589354,0.7251063829787234,0.655488250144867,0.5503526714352728
0.01,100,0.1,0.01,64,0.5,0.68,0.6490963855421686,0.8193916349809885,0.7243697478991596,0.6610309029771281,0.5474039579305079
0.01,100,0.1,0.1,16,0.5,0.6634146341463415,0.6262203626220363,0.8536121673003803,0.7224456958970233,0.6684507482604384,0.5423168718172086
0.01,100,0.1,0.1,32,0.5,0.6634146341463415,0.6265734265734266,0.8517110266159695,0.7219983883964545,0.6688098942812514,0.5418609520838874
0.01,100,0.1,0.1,64,0.5,0.6624390243902439,0.6260504201680672,0.8498098859315589,0.7209677419354839,0.6701280150888298,0.5405917650334001
0.01,200,0.0,0.0,16,0.4,0.7209756097560975,0.6846153846153846,0.8460076045627376,0.7568027210884354,0.5443034263723835,0.6148552758514338
0.01,200,0.0,0.0,32,0.4,0.7219512195121951,0.6856702619414484,0.8460076045627376,0.7574468085106383,0.5447101534543433,0.6152269188495773
0.01,200,0.0,0.0,64,0.45,0.7268292682926829,0.7009803921568627,0.8155893536121673,0.7539543057996485,0.5486336166867,0.6121696986522925
0.01,200,0.0,0.001,16,0.4,0.7239024390243902,0.6866359447004609,0.8498098859315589,0.7595581988105352,0.544502675528331,0.6168857599522446
0.01,200,0.0,0.001,32,0.4,0.7180487804878048,0.6814701378254211,0.8460076045627376,0.7548770144189991,0.5449835541234261,0.6130604712024381
0.01,200,0.0,0.001,64,0.45,0.7268292682926829,0.7009803921568627,0.8155893536121673,0.7539543057996485,0.5489504429778042,0.6120554277225427
0.01,200,0.0,0.01,16,0.4,0.7170731707317073,0.6782477341389728,0.8536121673003803,0.7558922558922558,0.5473793973734357,0.6128000259868105
0.01,200,0.0,0.01,32,0.4,0.7141463414634146,0.6762481089258698,0.8498098859315589,0.7531592249368155,0.5479897391249542,0.6104873423552218
0.01,200,0.0,0.01,64,0.45,0.7209756097560975,0.6929260450160771,0.8193916349809885,0.7508710801393729,0.551895561408544,0.6083038183654373
0.01,200,0.0,0.1,16,0.4,0.6897560975609756,0.6347150259067358,0.9315589353612167,0.7550077041602465,0.5826556088223448,0.5987435968112034
0.01,200,0.0,0.1,32,0.4,0.6917073170731707,0.6363636363636364,0.9315589353612167,0.7561728395061729,0.5827587256738217,0.59962009412333
0.01,200,0.0,0.1,64,0.4,0.6897560975609756,0.6347150259067358,0.9315589353612167,0.7550077041602465,0.5831206876063988,0.5985758550973591
0.01,200,0.001,0.0,16,0.4,0.7229268292682927,0.6855828220858896,0.8498098859315589,0.7589134125636672,0.5442667498606696,0.6164526896018869
0.01,200,0.001,0.0,32,0.4,0.7209756097560975,0.6846153846153846,0.8460076045627376,0.7568027210884354,0.5449519312980068,0.6146213771413866
0.01,200,0.001,0.0,64,0.45,0.7248780487804878,0.6986970684039088,0.8155893536121673,0.7526315789473684,0.5490230810069141,0.6109491997009584
0.01,200,0.001,0.001,16,0.4,0.7248780487804878,0.6865443425076453,0.8536121673003803,0.7610169491525424,0.5446557263214075,0.6178936093628772
0.01,200,0.001,0.001,32,0.4,0.7170731707317073,0.6804281345565749,0.8460076045627376,0.7542372881355932,0.5452806629731405,0.612438638148381
0.01,200,0.001,0.001,64,0.45,0.7248780487804878,0.6986970684039088,0.8155893536121673,0.7526315789473684,0.5493292327367343,0.6108387788053656
0.01,200,0.001,0.01,16,0.4,0.72,0.6802413273001509,0.8574144486692015,0.7586206896551724,0.5476588555695274,0.6147894264169329
0.01,200,0.001,0.01,32,0.4,0.7170731707317073,0.677710843373494,0.8555133079847909,0.7563025210084033,0.5484390169902269,0.6126982082238197
0.01,200,0.001,0.01,64,0.45,0.72,0.6918138041733547,0.8193916349809885,0.7502175805047868,0.5523797967295216,0.6075970028507822
0.01,200,0.001,0.1,16,0.4,0.686829268292683,0.632258064516129,0.9315589353612167,0.7532667179093006,0.5834644817704752,0.5970861943323575
0.01,200,0.001,0.1,32,0.4,0.6897560975609756,0.6347150259067358,0.9315589353612167,0.7550077041602465,0.5833763535269458,0.5984836431084347
0.01,200,0.001,0.1,64,0.4,0.6878048780487804,0.6330749354005168,0.9315589353612167,0.7538461538461538,0.583778654865537,0.5974274549653064
0.01,200,0.01,0.0,16,0.4,0.7278048780487805,0.684053651266766,0.8726235741444867,0.7669172932330827,0.5476005135738425,0.6210991850603058
0.01,200,0.01,0.0,32,0.4,0.7297560975609756,0.6844444444444444,0.8783269961977186,0.7693588676103247,0.5489050812683839,0.6224654101891115
0.01,200,0.01,0.0,64,0.4,0.713170731707317,0.6695906432748538,0.870722433460076,0.7570247933884298,0.5537441501504999,0.6110373169413371
0.01,200,0.01,0.001,16,0.4,0.7258536585365853,0.6831091180866966,0.8688212927756654,0.7648535564853557,0.5481808373702481,0.6193220115394118
0.01,200,0.01,0.001,32,0.4,0.7297560975609756,0.6844444444444444,0.8783269961977186,0.7693588676103247,0.5493475937573452,0.6223058075457725
0.01,200,0.01,0.001,64,0.4,0.713170731707317,0.6690962099125365,0.8726235741444867,0.7574257425742574,0.5541777593373242,0.6111674472121135
0.01,200,0.01,0.01,16,0.4,0.7278048780487805,0.6802919708029197,0.8859315589353612,0.7696118909991743,0.5528984918095148,0.6211058543958553
0.01,200,0.01,0.01,32,0.4,0.7248780487804878,0.6783625730994152,0.8821292775665399,0.7669421487603306,0.5536119864083531,0.618785833920015
0.01,200,0.01,0.01,64,0.4,0.7102439024390244,0.6657018813314037,0.8745247148288974,0.7559572719802794,0.5577429534647298,0.6086817385879566
0.01,200,0.01,0.1,16,0.4,0.6848780487804879,0.6273525721455459,0.9505703422053232,0.7558578987150416,0.5899461113493392,0.5969741654468863
0.01,200,0.01,0.1,32,0.4,0.6829268292682927,0.6257822277847309,0.9505703422053232,0.7547169811320755,0.5899034518195245,0.59609757042518
0.01,200,0.01,0.1,64,0.4,0.6839024390243903,0.6265664160401002,0.9505703422053232,0.7552870090634441,0.5902413790889401,0.596421375023569
0.01,200,0.1,0.0,16,0.5,0.6839024390243903,0.658307210031348,0.7984790874524715,0.7216494845360825,0.6515153538467332,0.5494465495973944
0.01,200,0.1,0.0,32,0.5,0.6839024390243903,0.6578125,0.8003802281368821,0.7221269296740995,0.6512796887473373,0.5498371381958429
0.01,200,0.1,0.0,64,0.5,0.6819512195121952,0.65527950310559,0.8022813688212928,0.7213675213675214,0.6530892046507246,0.5484805300110921
0.01,200,0.1,0.001,16,0.5,0.6829268292682927,0.6577708006279435,0.7965779467680608,0.7205503009458297,0.6513001294577964,0.5487105850427235
0.01,200,0.1,0.001,32,0.5,0.6819512195121952,0.65527950310559,0.8022813688212928,0.7213675213675214,0.6515499514871856,0.5490356982375196
0.01,200,0.1,0.001,64,0.5,0.6819512195121952,0.65527950310559,0.8022813688212928,0.7213675213675214,0.6533413843219265,0.5483895754208281
0.01,200,0.1,0.01,16,0.5,0.688780487804878,0.6609642301710731,0.8079847908745247,0.7271171941830624,0.654256694907285,0.5525137140791047
0.01,200,0.1,0.01,32,0.5,0.68,0.6523076923076923,0.8060836501901141,0.7210884353741497,0.6540880455690443,0.5477337999217893
0.01,200,0.1,0.01,64,0.5,0.6848780487804879,0.655436447166922,0.8136882129277566,0.726039016115352,0.6554237826226141,0.5509878225008763
0.01,200,0.1,0.1,16,0.5,0.6692682926829269,0.6311360448807855,0.8555133079847909,0.7263922518159807,0.6687671102267383,0.5453357636718703
0.01,200,0.1,0.1,32,0.5,0.6614634146341464,0.6255259467040674,0.8479087452471483,0.7199354317998385,0.66875311712275,0.5402931698599603
0.01,200,0.1,0.1,64,0.5,0.6624390243902439,0.6256983240223464,0.8517110266159695,0.7214170692431562,0.6688668054967355,0.5413737339398446
0.01,500,0.0,0.0,16,0.4,0.7209756097560975,0.6846153846153846,0.8460076045627376,0.7568027210884354,0.5443249733452462,0.6148475044237101
0.01,500,0.0,0.0,32,0.4,0.7209756097560975,0.6846153846153846,0.8460076045627376,0.7568027210884354,0.5442271049015773,0.6148828030032952
0.01,500,0.0,0.0,64,0.4,0.7219512195121951,0.6856702619414484,0.8460076045627376,0.7574468085106383,0.544388878452039,0.6153427943127238
0.01,500,0.0,0.001,16,0.4,0.7239024390243902,0.6854961832061068,0.8536121673003803,0.7603725656223539,0.544360525655852,0.6174830112906737
0.01,500,0.0,0.001,32,0.4,0.7229268292682927,0.6855828220858896,0.8498098859315589,0.7589134125636672,0.5443700387945287,0.6164154359937226
0.01,500,0.0,0.001,64,0.4,0.7219512195121951,0.6856702619414484,0.8460076045627376,0.7574468085106383,0.5446305263352653,0.6152556382620308
0.01,500,0.0,0.01,16,0.4,0.7151219512195122,0.6772727272727272,0.8498098859315589,0.7537942664418212,0.547326610021193,0.6112365411316257
0.01,500,0.0,0.01,32,0.4,0.7160975609756097,0.6777609682299546,0.8517110266159695,0.7548441449031171,0.5472627480007264,0.6120512048595286
0.01,500,0.0,0.01,64,0.4,0.7141463414634146,0.6762481089258698,0.8498098859315589,0.7531592249368155,0.5475747094228022,0.6106370326785009
0.01,500,0.0,0.1,16,0.4,0.6936585365853658,0.6380208333333334,0.9315589353612167,0.7573415765069552,0.5825627077859711,0.6006070992029762
0.01,500,0.0,0.1,32,0.4,0.6926829268292682,0.6371911573472041,0.9315589353612167,0.7567567567567568,0.5827629415624326,0.6000763985357063
0.01,500,0.0,0.1,64,0.4,0.6907317073170731,0.6355382619974059,0.9315589353612167,0.7555898226676947,0.5827410176248522,0.5991693104056577
0.01,500,0.001,0.0,16,0.4,0.7219512195121951,0.6845329249617151,0.8498098859315589,0.7582697201017812,0.5442577329913906,0.6159386977463142
0.01,500,0.001,0.0,32,0.4,0.7219512195121951,0.6845329249617151,0.8498098859315589,0.7582697201017812,0.5442504875904834,0.6159413109723038
0.01,500,0.001,0.0,64,0.4,0.7258536585365853,0.6875957120980092,0.8536121673003803,0.7616624257845632,0.5445642403411577,0.6184445904948739
0.01,500,0.001,0.001,16,0.4,0.7239024390243902,0.6854961832061068,0.8536121673003803,0.7603725656223539,0.5444445080678627,0.6174527210383413
0.01,500,0.001,0.001,32,0.4,0.7248780487804878,0.6865443425076453,0.8536121673003803,0.7610169491525424,0.5444508698904745,0.6179674957021275
0.01,500,0.001,0.001,64,0.4,0.7248780487804878,0.6865443425076453,0.8536121673003803,0.7610169491525424,0.5448196638979995,0.617834481380686
0.01,500,0.001,0.01,16,0.4,0.7219512195121951,0.6806596701649176,0.8631178707224335,0.7611064543168483,0.5478040385810539,0.6165903686874317
0.01,500,0.001,0.01,32,0.4,0.7190243902439024,0.6792168674698795,0.8574144486692015,0.7579831932773109,0.5477218540934714,0.6142560969784794
0.01,500,0.001,0.01,64,0.4,0.7170731707317073,0.6771771771771772,0.8574144486692015,0.7567114093959731,0.5480346412894677,0.6131247158886458
0.01,500,0.001,0.1,16,0.4,0.688780487804878,0.6338939197930142,0.9315589353612167,0.7544264819091608,0.583469391786306,0.5979942184006565
0.01,500,0.001,0.1,32,0.4,0.686829268292683,0.632258064516129,0.9315589353612167,0.7532667179093006,0.5834479295529568,0.5970921642828899
0.01,500,0.001,0.1,64,0.4,0.6878048780487804,0.6330749354005168,0.9315589353612167,0.7538461538461538,0.5834183403375186,0.5975574109609895
0.01,500,0.01,0.0,16,0.4,0.7258536585365853,0.6820208023774146,0.8726235741444867,0.7656380316930775,0.5476904566828372,0.6200476768512779
0.01,500,0.01,0.0,32,0.4,0.7239024390243902,0.6810730253353204,0.8688212927756654,0.7635756056808688,0.5476437344609028,0.6184963412871255
0.01,500,0.01,0.0,64,0.4,0.728780487804878,0.6845238095238095,0.8745247148288974,0.7679465776293823,0.5482050885240531,0.6216639960562371
0.01,500,0.01,0.001,16,0.4,0.7239024390243902,0.6810730253353204,0.8688212927756654,0.7635756056808688,0.548144913223693,0.6183155792582063
0.01,500,0.01,0.001,32,0.4,0.7258536585365853,0.6820208023774146,0.8726235741444867,0.7656380316930775,0.5481209252388226,0.6198924181385332
0.01,500,0.01,0.001,64,0.4,0.7297560975609756,0.6849925705794948,0.876425855513308,0.7689741451209341,0.5486725054436774,0.622277567688346
0.01,500,0.01,0.01,16,0.4,0.7248780487804878,0.6783625730994152,0.8821292775665399,0.7669421487603306,0.5527467714166596,0.6190978942644697
0.01,500,0.01,0.01,32,0.4,0.7239024390243902,0.6773722627737226,0.8821292775665399,0.7663088356729976,0.5528332349258843,0.6185639773450893
0.01,500,0.01,0.01,64,0.4,0.7229268292682927,0.6763848396501457,0.8821292775665399,0.7656765676567657,0.5532231065776045,0.6179214677782713
0.01,500,0.01,0.1,16,0.4,0.6839024390243903,0.6265664160401002,0.9505703422053232,0.7552870090634441,0.5899420763579272,0.5965293256650082
0.01,500,0.01,0.1,32,0.4,0.6819512195121952,0.62531328320802,0.9486692015209125,0.7537764350453172,0.5898927546951113,0.5953409905941578
0.01,500,0.01,0.1,64,0.4,0.6829268292682927,0.6257822277847309,0.9505703422053232,0.7547169811320755,0.5899128451054008,0.5960941825134422
0.01,500,0.1,0.0,16,0.5,0.6858536585365854,0.660377358490566,0.7984790874524715,0.7228915662650602,0.6510754004375643,0.5506224622987194
0.01,500,0.1,0.0,32,0.5,0.6839024390243903,0.6578125,0.8003802281368821,0.7221269296740995,0.6511730501239142,0.5498755999491378
0.01,500,0.1,0.0,64,0.5,0.6819512195121952,0.65527950310559,0.8022813688212928,0.7213675213675214,0.6511655021167446,0.5491743590375717
0.01,500,0.1,0.001,16,0.5,0.6829268292682927,0.656298600311042,0.8022813688212928,0.7219846022241232,0.6510745365939948,0.5497115990333679
0.01,500,0.1,0.001,32,0.5,0.6839024390243903,0.6573208722741433,0.8022813688212928,0.7226027397260274,0.6515996500177084,0.550027534631805
0.01,500,0.1,0.001,64,0.5,0.6819512195121952,0.65527950310559,0.8022813688212928,0.7213675213675214,0.6514303252344241,0.5490788442879244
0.01,500,0.1,0.01,16,0.5,0.6839024390243903,0.6558641975308642,0.8079847908745247,0.7240204429301533,0.6537577682471271,0.5501677621753568
0.01,500,0.1,0.01,32,0.5,0.6829268292682927,0.6553323029366306,0.8060836501901141,0.7229326513213982,0.6540396951986613,0.5492562391345273
0.01,500,0.1,0.01,64,0.5,0.6809756097560976,0.6537867078825348,0.8041825095057035,0.7212276214833759,0.6540649928806159,0.5479338844246362
0.01,500,0.1,0.1,16,0.5,0.6614634146341464,0.6255259467040674,0.8479087452471483,0.7199354317998385,0.6686585706009806,0.5403272703094828
0.01,500,0.1,0.1,32,0.5,0.6653658536585366,0.6283309957924264,0.8517110266159695,0.7231638418079096,0.6688451937687947,0.5427837806084741
0.01,500,0.1,0.1,64,0.5,0.6624390243902439,0.6256983240223464,0.8517110266159695,0.7214170692431562,0.6687933651705955,0.5414002219384254
0.01,1000,0.0,0.0,16,0.4,0.72,0.6835637480798771,0.8460076045627376,0.756159728122345,0.544208400127607,0.6143721323124185
0.01,1000,0.0,0.0,32,0.4,0.7209756097560975,0.6846153846153846,0.8460076045627376,0.7568027210884354,0.5442070487063542,0.6148900367466421
0.01,1000,0.0,0.0,64,0.4,0.7209756097560975,0.6846153846153846,0.8460076045627376,0.7568027210884354,0.5442065065090602,0.6148902323029789
0.01,1000,0.0,0.001,16,0.4,0.7229268292682927,0.6855828220858896,0.8498098859315589,0.7589134125636672,0.5445349081309475,0.6163559719502111
0.01,1000,0.0,0.001,32,0.4,0.7229268292682927,0.6855828220858896,0.8498098859315589,0.7589134125636672,0.5443691188827051,0.6164157677817791
0.01,1000,0.0,0.001,64,0.4,0.7229268292682927,0.6855828220858896,0.8498098859315589,0.7589134125636672,0.5443561744790494,0.6164204364885194
0.01,1000,0.0,0.01,16,0.4,0.7151219512195122,0.6772727272727272,0.8498098859315589,0.7537942664418212,0.5472095501686046,0.6112787615488299
0.01,1000,0.0,0.01,32,0.4,0.7160975609756097,0.6777609682299546,0.8517110266159695,0.7548441449031171,0.5472890218918182,0.6120417285564328
0.01,1000,0.0,0.01,64,0.4,0.7141463414634146,0.6767830045523521,0.8479087452471483,0.7527426160337553,0.5472602001831046,0.6104681237054771
0.01,1000,0.0,0.1,16,0.4,0.6926829268292682,0.6371911573472041,0.9315589353612167,0.7567567567567568,0.5828135181821745,0.6000581568760845
0.01,1000,0.0,0.1,32,0.4,0.6917073170731707,0.6363636363636364,0.9315589353612167,0.7561728395061729,0.5827326192843616,0.5996295100129824
0.01,1000,0.0,0.1,64,0.4,0.6907317073170731,0.6355382619974059,0.9315589353612167,0.7555898226676947,0.5827719187388821,0.5991581651846656
0.01,1000,0.001,0.0,16,0.4,0.7209756097560975,0.6840490797546013,0.8479087452471483,0.7572156196943973,0.5441924272136645,0.6151704451173859
0.01,1000,0.001,0.0,32,0.4,0.7219512195121951,0.6845329249617151,0.8498098859315589,0.7582697201017812,0.5442117495496467,0.6159552827671559
0.01,1000,0.001,0.0,64,0.4,0.7219512195121951,0.6845329249617151,0.8498098859315589,0.7582697201017812,0.5442245804195456,0.6159506550090625
0.01,1000,0.001,0.001,16,0.4,0.7248780487804878,0.6865443425076453,0.8536121673003803,0.7610169491525424,0.5444132369842103,0.6179810689039379
0.01,1000,0.001,0.001,32,0.4,0.7239024390243902,0.6854961832061068,0.8536121673003803,0.7603725656223539,0.5444776128820871,0.6174407810005135
0.01,1000,0.001,0.001,64,0.4,0.7248780487804878,0.6865443425076453,0.8536121673003803,0.7610169491525424,0.5444552727980595,0.6179659076888928
0.01,1000,0.001,0.01,16,0.4,0.7190243902439024,0.6792168674698795,0.8574144486692015,0.7579831932773109,0.547760598249282,0.6142421229781165
0.01,1000,0.001,0.01,32,0.4,0.7190243902439024,0.6792168674698795,0.8574144486692015,0.7579831932773109,0.547680999871591,0.6142708320243059
0.01,1000,0.001,0.01,64,0.4,0.7190243902439024,0.6792168674698795,0.8574144486692015,0.7579831932773109,0.5477052422901073,0.6142620884200627
0.01,1000,0.001,0.1,16,0.4,0.6878048780487804,0.6330749354005168,0.9315589353612167,0.7538461538461538,0.5833845211835378,0.5975696086424234
0.01,1000,0.001,0.1,32,0.4,0.6897560975609756,0.6347150259067358,0.9315589353612167,0.7550077041602465,0.5834130877825249,0.598470394026346
0.01,1000,0.001,0.1,64,0.4,0.6897560975609756,0.6347150259067358,0.9315589353612167,0.7550077041602465,0.5834157073875277,0.5984694492035594
0.01,1000,0.01,0.0,16,0.4,0.7239024390243902,0.6810730253353204,0.8688212927756654,0.7635756056808688,0.5476131534127933,0.6185073710687387
0.01,1000,0.01,0.0,32,0.4,0.7258536585365853,0.6820208023774146,0.8726235741444867,0.7656380316930775,0.5476361185054405,0.6200672752060432
0.01,1000,0.01,0.0,64,0.4,0.7278048780487805,0.684053651266766,0.8726235741444867,0.7669172932330827,0.5476607620979351,0.6210774549985736
0.01,1000,0.01,0.001,16,0.4,0.7278048780487805,0.682962962962963,0.876425855513308,0.7676935886761033,0.5482397872772677,0.621414894215198
0.01,1000,0.01,0.001,32,0.4,0.7239024390243902,0.6810730253353204,0.8688212927756654,0.7635756056808688,0.5480882292769327,0.6183360236704286
0.01,1000,0.01,0.001,64,0.4,0.7278048780487805,0.684053651266766,0.8726235741444867,0.7669172932330827,0.548129801934801,0.6209082846369172
0.01,1000,0.01,0.01,16,0.4,0.7258536585365853,0.6783114992721979,0.8859315589353612,0.7683429513602638,0.5528124154103453,0.6201308877517088
0.01,1000,0.01,0.01,32,0.4,0.7219512195121951,0.6754002911208151,0.8821292775665399,0.765045342126958,0.5528584002541087,0.6175519502276107
0.01,1000,0.01,0.01,64,0.4,0.7239024390243902,0.6773722627737226,0.8821292775665399,0.7663088356729976,0.5528567258438042,0.6185555047873921
0.01,1000,0.01,0.1,16,0.4,0.6819512195121952,0.62531328320802,0.9486692015209125,0.7537764350453172,0.5899645106714413,0.5953151100963565
0.01,1000,0.01,0.1,32,0.4,0.6829268292682927,0.6257822277847309,0.9505703422053232,0.7547169811320755,0.5898762802184792,0.5961073705087003
0.01,1000,0.01,0.1,64,0.4,0.6848780487804879,0.6267166042446941,0.9543726235741445,0.7565938206480783,0.58989667377912,0.5976191253896455
0.01,1000,0.1,0.0,16,0.5,0.686829268292683,0.6589147286821705,0.8079847908745247,0.7258753202391118,0.6512804819909872,0.5525741042722504
0.01,1000,0.1,0.0,32,0.5,0.6848780487804879,0.6583463338533542,0.8022813688212928,0.7232219365895458,0.6510966513525348,0.5507151860468963
0.01,1000,0.1,0.0,64,0.5,0.6819512195121952,0.65527950310559,0.8022813688212928,0.7213675213675214,0.6511052796480942,0.5491960797017897
0.01,1000,0.1,0.001,16,0.5,0.6897560975609756,0.6630094043887147,0.8041825095057035,0.7268041237113402,0.6513439686985946,0.5534710244769803
0.01,1000,0.1,0.001,32,0.5,0.6829268292682927,0.656298600311042,0.8022813688212928,0.7219846022241232,0.6515500439718958,0.549540095999367
0.01,1000,0.1,0.001,64,0.5,0.6819512195121952,0.65527950310559,0.8022813688212928,0.7213675213675214,0.6514954525066161,0.54905535458977
0.01,1000,0.1,0.01,16,0.5,0.6829268292682927,0.6558139534883721,0.8041825095057035,0.7224594363791631,0.6535906205395665,0.5491110638525715
0.01,1000,0.1,0.01,32,0.5,0.6829268292682927,0.6543778801843319,0.8098859315589354,0.723874256584537,0.6538720917985376,0.5499315482537239
0.01,1000,0.1,0.01,64,0.5,0.6809756097560976,0.6533127889060092,0.8060836501901141,0.7217021276595744,0.6540892057887052,0.5482341653154358
0.01,1000,0.1,0.1,16,0.5,0.6604878048780488,0.6236111111111111,0.8536121673003803,0.7207062600321027,0.6688073321372,0.5407925277108832
0.01,1000,0.1,0.1,32,0.5,0.6614634146341464,0.6248256624825662,0.8517110266159695,0.7208366854384554,0.6688277348270236,0.5409218559826581
0.01,1000,0.1,0.1,64,0.5,0.6624390243902439,0.6256983240223464,0.8517110266159695,0.7214170692431562,0.6687919323822785,0.5414007387075752
0.1,100,0.0,0.0,16,0.4,0.7219512195121951,0.6856702619414484,0.8460076045627376,0.7574468085106383,0.5437043570311999,0.6155896832275305
0.1,100,0.0,0.0,32,0.4,0.7209756097560975,0.6846153846153846,0.8460076045627376,0.7568027210884354,0.5440591166345736,0.6149433919632287
0.1,100,0.0,0.0,64,0.4,0.7209756097560975,0.6846153846153846,0.8460076045627376,0.7568027210884354,0.5441173841680116,0.6149223763928447
0.1,100,0.0,0.001,16,0.4,0.7229268292682927,0.6861538461538461,0.8479087452471483,0.7585034013605442,0.5438267392554578,0.6163379207915554
0.1,100,0.0,0.001,32,0.4,0.7229268292682927,0.6855828220858896,0.8498098859315589,0.7589134125636672,0.5446256485917619,0.6163232442470048
0.1,100,0.0,0.001,64,0.4,0.7229268292682927,0.6855828220858896,0.8498098859315589,0.7589134125636672,0.5443136172740559,0.6164357857556689
0.1,100,0.0,0.01,16,0.4,0.72,0.6813353566009105,0.8536121673003803,0.7578059071729958,0.5468629572507668,0.6145212540905994
0.1,100,0.0,0.01,32,0.4,0.7151219512195122,0.6778115501519757,0.8479087452471483,0.7533783783783784,0.5471052440507356,0.6110350034859032
0.1,100,0.0,0.01,64,0.4,0.7180487804878048,0.6787330316742082,0.8555133079847909,0.7569386038687973,0.5472460361574418,0.6136382849453094
0.1,100,0.0,0.1,16,0.4,0.6897560975609756,0.6361256544502618,0.9239543726235742,0.7534883720930232,0.5830824430578782,0.5973512571837352
0.1,100,0.0,0.1,32,0.4,0.6907317073170731,0.6355382619974059,0.9315589353612167,0.7555898226676947,0.5824784348169048,0.5992640171343698
0.1,100,0.0,0.1,64,0.4,0.6907317073170731,0.6355382619974059,0.9315589353612167,0.7555898226676947,0.5827597748127309,0.5991625451801743
0.1,100,0.001,0.0,16,0.4,0.7248780487804878,0.6865443425076453,0.8536121673003803,0.7610169491525424,0.544255343702575,0.6180380168675391
0.1,100,0.001,0.0,32,0.4,0.7219512195121951,0.6845329249617151,0.8498098859315589,0.7582697201017812,0.5440505663565349,0.6160134173155002
0.1,100,0.001,0.0,64,0.4,0.7239024390243902,0.6860643185298622,0.8517110266159695,0.7599660729431722,0.5442896016023756,0.6172354245280252
0.1,100,0.001,0.001,16,0.4,0.7268292682926829,0.6880733944954128,0.8555133079847909,0.7627118644067796,0.5441864267476334,0.6193702666454245
0.1,100,0.001,0.001,32,0.4,0.7239024390243902,0.6854961832061068,0.8536121673003803,0.7603725656223539,0.5445026139703498,0.6174317637640001
0.1,100,0.001,0.001,64,0.4,0.7239024390243902,0.6860643185298622,0.8517110266159695,0.7599660729431722,0.5444619945251271,0.6171732469243407
0.1,100,0.001,0.01,16,0.4,0.72,0.6796992481203008,0.8593155893536122,0.7590260285474392,0.5474064203647935,0.615158563161195
0.1,100,0.001,0.01,32,0.4,0.7180487804878048,0.6787330316742082,0.8555133079847909,0.7569386038687973,0.5475354176413301,0.6135339126373767
0.1,100,0.001,0.01,64,0.4,0.7190243902439024,0.6792168674698795,0.8574144486692015,0.7579831932773109,0.5477774133843425,0.6142360582001256
0.1,100,0.001,0.1,16,0.4,0.6780487804878049,0.625,0.9315589353612167,0.7480916030534351,0.5836438098539706,0.592959050610246
0.1,100,0.001,0.1,32,0.4,0.6897560975609756,0.6343669250645995,0.9334600760456274,0.7553846153846154,0.5830644019028149,0.5989059346140441
0.1,100,0.001,0.1,64,0.4,0.6917073170731707,0.6363636363636364,0.9315589353612167,0.7561728395061729,0.5832278323163858,0.5994508996666111
0.1,100,0.01,0.0,16,0.4,0.7297560975609756,0.6844444444444444,0.8783269961977186,0.7693588676103247,0.5475966487160635,0.6229373274777541
0.1,100,0.01,0.0,32,0.4,0.7278048780487805,0.682962962962963,0.876425855513308,0.7676935886761033,0.5477177899354732,0.6216031649592891
0.1,100,0.01,0.0,64,0.4,0.7258536585365853,0.6820208023774146,0.8726235741444867,0.7656380316930775,0.5476386490519518,0.6200663625043176
0.1,100,0.01,0.001,16,0.4,0.7336585365853658,0.6863033873343152,0.8859315589353612,0.7734439834024897,0.5482325940727149,0.625827076464995
0.1,100,0.01,0.001,32,0.4,0.7268292682926829,0.6824925816023739,0.8745247148288974,0.7666666666666667,0.548353447272814,0.6205915806966644
0.1,100,0.01,0.001,64,0.4,0.7278048780487805,0.684053651266766,0.8726235741444867,0.7669172932330827,0.5481432864057816,0.6209034211420639
0.1,100,0.01,0.01,16,0.4,0.7336585365853658,0.6857562408223201,0.8878326996197718,0.7738193869096934,0.5531102709891803,0.6243374190674477
0.1,100,0.01,0.01,32,0.4,0.7258536585365853,0.6772793053545586,0.8897338403041825,0.7691043549712407,0.552789222369341,0.6206935071975583
0.1,100,0.01,0.01,64,0.4,0.7209756097560975,0.6744186046511628,0.8821292775665399,0.7644151565074135,0.5529293934547072,0.6170261196807695
0.1,100,0.01,0.1,16,0.4,0.6819512195121952,0.62531328320802,0.9486692015209125,0.7537764350453172,0.590908251228603,0.5949747276409307
0.1,100,0.01,0.1,32,0.4,0.68,0.6231343283582089,0.9524714828897338,0.7533834586466165,0.5901044437707498,0.5950082641081058
0.1,100,0.01,0.1,64,0.4,0.6848780487804879,0.6267166042446941,0.9543726235741445,0.7565938206480783,0.5899131844143229,0.5976131704367632
0.1,100,0.1,0.0,16,0.5,0.7053658536585365,0.678343949044586,0.8098859315589354,0.7383015597920277,0.6489677070796236,0.5634663243643313
0.1,100,0.1,0.0,32,0.5,0.7014634146341463,0.6724137931034483,0.8155893536121673,0.7371134020618557,0.6498225065977623,0.5619450974414438
0.1,100,0.1,0.0,64,0.5,0.7024390243902439,0.6740157480314961,0.8136882129277566,0.7372954349698536,0.6497675791159142,0.5621919779162236
0.1,100,0.1,0.001,16,0.5,0.688780487804878,0.6575342465753424,0.8212927756653993,0.7303465765004227,0.6508458075793924,0.5558614782161753
0.1,100,0.1,0.001,32,0.5,0.6985365853658536,0.6708661417322834,0.8098859315589354,0.7338501291989664,0.650457195707707,0.5592962955454039
0.1,100,0.1,0.001,64,0.5,0.686829268292683,0.6599063962558502,0.8041825095057035,0.7249357326478149,0.6509435539306037,0.5520887197943019
0.1,100,0.1,0.01,16,0.5,0.6682926829268293,0.6332378223495702,0.8403041825095057,0.7222222222222222,0.6536450960717046,0.5477400151899102
0.1,100,0.1,0.01,32,0.5,0.6907317073170731,0.6610169491525424,0.8155893536121673,0.7302127659574468,0.6531304045635041,0.5551377415298637
0.1,100,0.1,0.01,64,0.5,0.6936585365853658,0.6640866873065016,0.8155893536121673,0.7320819112627986,0.6527358991023646,0.5568002876453348
0.1,100,0.1,0.1,16,0.5,0.6907317073170731,0.6478076379066479,0.870722433460076,0.7429034874290349,0.6674983173247574,0.5587563925036219
0.1,100,0.1,0.1,32,0.5,0.6741463414634147,0.6367521367521367,0.8498098859315589,0.7280130293159609,0.6660420532268382,0.547723226985198
0.1,100,0.1,0.1,64,0.5,0.6780487804878049,0.64,0.8517110266159695,0.7308319738988581,0.6671744315731125,0.54953965358067
0.1,200,0.0,0.0,16,0.4,0.7258536585365853,0.6875957120980092,0.8536121673003803,0.7616624257845632,0.5437846242963377,0.6187257775452888
0.1,200,0.0,0.0,32,0.4,0.7229268292682927,0.6861538461538461,0.8479087452471483,0.7585034013605442,0.5442106717296424,0.6161994464224197
0.1,200,0.0,0.0,64,0.4,0.72,0.6835637480798771,0.8460076045627376,0.756159728122345,0.5441731761339778,0.6143848366826508
0.1,200,0.0,0.001,16,0.4,0.7239024390243902,0.687211093990755,0.8479087452471483,0.7591489361702127,0.5444681987939354,0.6166257379009957
0.1,200,0.0,0.001,32,0.4,0.7239024390243902,0.6860643185298622,0.8517110266159695,0.7599660729431722,0.5442361409452412,0.6172547063842578
0.1,200,0.0,0.001,64,0.4,0.7229268292682927,0.6855828220858896,0.8498098859315589,0.7589134125636672,0.5444097385258801,0.6164011173423363
0.1,200,0.0,0.01,16,0.4,0.7190243902439024,0.6776119402985075,0.8631178707224335,0.7591973244147158,0.5470102777360576,0.6153508045570546
0.1,200,0.0,0.01,32,0.4,0.72,0.6796992481203008,0.8593155893536122,0.7590260285474392,0.5470490519411231,0.6152874565743449
0.1,200,0.0,0.01,64,0.4,0.7151219512195122,0.6772727272727272,0.8498098859315589,0.7537942664418212,0.5472204958882445,0.6112748137149691
0.1,200,0.0,0.1,16,0.4,0.686829268292683,0.631578947368421,0.935361216730038,0.7540229885057471,0.5834207776522689,0.5977255436859015
0.1,200,0.0,0.1,32,0.4,0.688780487804878,0.6338939197930142,0.9315589353612167,0.7544264819091608,0.5828817842867714,0.5982061530070484
0.1,200,0.0,0.1,64,0.4,0.6917073170731707,0.6363636363636364,0.9315589353612167,0.7561728395061729,0.5827392710810483,0.5996271108844592
0.1,200,0.001,0.0,16,0.4,0.7248780487804878,0.6871165644171779,0.8517110266159695,0.7606112054329371,0.5440644509626462,0.6178347042191918
0.1,200,0.001,0.0,32,0.4,0.7209756097560975,0.6846153846153846,0.8460076045627376,0.7568027210884354,0.5442869614138125,0.6148612143299536
0.1,200,0.001,0.0,64,0.4,0.7219512195121951,0.685099846390169,0.8479087452471483,0.7578589634664401,0.5442744018418668,0.6156582097535283
0.1,200,0.001,0.001,16,0.4,0.7248780487804878,0.6854103343465046,0.8574144486692015,0.7618243243243243,0.5445129090322665,0.6184905041776169
0.1,200,0.001,0.001,32,0.4,0.7239024390243902,0.6854961832061068,0.8536121673003803,0.7603725656223539,0.5445292167929218,0.6174221688239505
0.1,200,0.001,0.001,64,0.4,0.7229268292682927,0.6855828220858896,0.8498098859315589,0.7589134125636672,0.5444920281311001,0.6163714376409943
0.1,200,0.001,0.01,16,0.4,0.7180487804878048,0.6792738275340393,0.8536121673003803,0.7565290648694187,0.5474195049858348,0.6132963226101515
0.1,200,0.001,0.01,32,0.4,0.7180487804878048,0.6792738275340393,0.8536121673003803,0.7565290648694187,0.5474226283350844,0.6132951961000332
0.1,200,0.001,0.01,64,0.4,0.7209756097560975,0.6801801801801802,0.8612167300380228,0.7600671140939598,0.5476472354329769,0.6158596778497175
0.1,200,0.001,0.1,16,0.4,0.686829268292683,0.6302414231257941,0.9429657794676806,0.7555217060167555,0.5836896741229031,0.5988764187246004
0.1,200,0.001,0.1,32,0.4,0.688780487804878,0.6338939197930142,0.9315589353612167,0.7544264819091608,0.5834842148121835,0.5979888721241753
0.1,200,0.001,0.1,64,0.4,0.6897560975609756,0.6347150259067358,0.9315589353612167,0.7550077041602465,0.5833570397445752,0.5984906090829464
0.1,200,0.01,0.0,16,0.4,0.7239024390243902,0.6784140969162996,0.8783269961977186,0.7655343827671914,0.5483236667386445,0.6196348716569002
0.1,200,0.01,0.0,32,0.4,0.7268292682926829,0.6841317365269461,0.8688212927756654,0.7654941373534339,0.5474840232849744,0.6200843444642073
0.1,200,0.01,0.0,64,0.4,0.7258536585365853,0.6820208023774146,0.8726235741444867,0.7656380316930775,0.5476273186915973,0.6200704490679914
0.1,200,0.01,0.001,16,0.4,0.728780487804878,0.6861861861861862,0.8688212927756654,0.7667785234899329,0.5471547822117109,0.621227762472923
0.1,200,0.01,0.001,32,0.4,0.7297560975609756,0.6838995568685377,0.8802281368821293,0.769742310889443,0.5479805569581024,0.6230709162557775
0.1,200,0.01,0.001,64,0.4,0.7239024390243902,0.6810730253353204,0.8688212927756654,0.7635756056808688,0.5480880302639992,0.6183360954491717
0.1,200,0.01,0.01,16,0.4,0.7268292682926829,0.6793002915451894,0.8859315589353612,0.768976897689769,0.55269420084984,0.6206761111421485
0.1,200,0.01,0.01,32,0.4,0.7248780487804878,0.6778425655976676,0.8840304182509505,0.7673267326732673,0.5528327452730741,0.6193442013309421
0.1,200,0.01,0.01,64,0.4,0.7239024390243902,0.6763425253991292,0.8859315589353612,0.7670781893004115,0.552815291378076,0.619127182249207
0.1,200,0.01,0.1,16,0.45,0.7102439024390244,0.6706408345752608,0.8555133079847909,0.7518796992481203,0.5897574642533574,0.5942516310392624
0.1,200,0.01,0.1,32,0.4,0.6848780487804879,0.6279949558638083,0.9467680608365019,0.755117513267627,0.589883691571098,0.5963697167994924
0.1,200,0.01,0.1,64,0.4,0.6829268292682927,0.6260978670012547,0.9486692015209125,0.7543461829176115,0.5899317626040924,0.5957726166550822
0.1,200,0.1,0.0,16,0.5,0.704390243902439,0.7001795332136446,0.7414448669201521,0.7202216066481995,0.6481267095560487,0.5532042774921191
0.1,200,0.1,0.0,32,0.5,0.6897560975609756,0.6604938271604939,0.8136882129277566,0.7291311754684838,0.6497588243122172,0.5555472474702599
0.1,200,0.1,0.0,64,0.5,0.704390243902439,0.6784,0.8060836501901141,0.736750651607298,0.6494746047678337,0.5621902991452392
0.1,200,0.1,0.001,16,0.5,0.6956097560975609,0.6651234567901234,0.8193916349809885,0.7342419080068143,0.649518609144528,0.5595710579270339
0.1,200,0.1,0.001,32,0.5,0.6897560975609756,0.6614906832298136,0.8098859315589354,0.7282051282051282,0.6507892906095606,0.5545731025087166
0.1,200,0.1,0.001,64,0.5,0.688780487804878,0.6640253565768621,0.7965779467680608,0.7242869490060502,0.650775953257248,0.5519627636293208
0.1,200,0.1,0.01,16,0.5,0.6751219512195122,0.6464339908952959,0.8098859315589354,0.7189873417721518,0.6531159503036373,0.5462230303817293
0.1,200,0.1,0.01,32,0.5,0.7063414634146341,0.6788553259141494,0.811787072243346,0.7393939393939394,0.6523366545992754,0.563058116234894
0.1,200,0.1,0.01,64,0.5,0.6946341463414634,0.6646058732612056,0.8174904942965779,0.7331628303495311,0.6530026495582746,0.557509657284061
0.1,200,0.1,0.1,16,0.5,0.6770731707317074,0.6506955177743431,0.8003802281368821,0.7178175618073316,0.6674777900131872,0.5404697794481024
0.1,200,0.1,0.1,32,0.5,0.6839024390243903,0.6434659090909091,0.8612167300380228,0.7365853658536585,0.6666204355251716,0.5541748995191069
0.1,200,0.1,0.1,64,0.5,0.6790243902439025,0.6413199426111909,0.8498098859315589,0.7309893704006541,0.6673121804323324,0.5496544791900891
0.1,500,0.0,0.0,16,0.4,0.7248780487804878,0.6865443425076453,0.8536121673003803,0.7610169491525424,0.5446162621633472,0.6179078430491587
0.1,500,0.0,0.0,32,0.4,0.7239024390243902,0.6854961832061068,0.8536121673003803,0.7603725656223539,0.544004285545693,0.6176114977507468
0.1,500,0.0,0.0,64,0.4,0.72,0.6835637480798771,0.8460076045627376,0.756159728122345,0.5442002685623892,0.614375065154622
0.1,500,0.0,0.001,16,0.4,0.7258536585365853,0.6887519260400616,0.8498098859315589,0.7608510638297873,0.5443889378760169,0.6179658775885459
0.1,500,0.0,0.001,32,0.4,0.7209756097560975,0.6840490797546013,0.8479087452471483,0.7572156196943973,0.5443809337759596,0.6151024557467364
0.1,500,0.0,0.001,64,0.4,0.7229268292682927,0.6855828220858896,0.8498098859315589,0.7589134125636672,0.5443525724691781,0.6164217356389641
0.1,500,0.0,0.01,16,0.4,0.7170731707317073,0.6771771771771772,0.8574144486692015,0.7567114093959731,0.5477455253355382,0.6132289924268898
0.1,500,0.0,0.01,32,0.4,0.7170731707317073,0.6771771771771772,0.8574144486692015,0.7567114093959731,0.5472597442398561,0.6134042009213143
0.1,500,0.0,0.01,64,0.4,0.7170731707317073,0.6782477341389728,0.8536121673003803,0.7558922558922558,0.5473031279885977,0.6128275343526298
0.1,500,0.0,0.1,16,0.4,0.6878048780487804,0.6327319587628866,0.9334600760456274,0.7542242703533026,0.5820886570437219,0.5983480977363906
0.1,500,0.0,0.1,32,0.4,0.6907317073170731,0.636245110821382,0.9277566539923955,0.7548337200309359,0.5822133288027488,0.5987416358176353
0.1,500,0.0,0.1,64,0.4,0.6926829268292682,0.6371911573472041,0.9315589353612167,0.7567567567567568,0.5827381160669488,0.6000853524405118
0.1,500,0.001,0.0,16,0.4,0.72,0.6835637480798771,0.8460076045627376,0.756159728122345,0.5440814801155028,0.6144179090304315
0.1,500,0.001,0.0,32,0.4,0.7219512195121951,0.6845329249617151,0.8498098859315589,0.7582697201017812,0.5443821397742407,0.6158938274841466
0.1,500,0.001,0.0,64,0.4,0.7219512195121951,0.6845329249617151,0.8498098859315589,0.7582697201017812,0.5442454704896408,0.6159431205089301
0.1,500,0.001,0.001,16,0.4,0.7248780487804878,0.6871165644171779,0.8517110266159695,0.7606112054329371,0.544540042355509,0.6176631708831988
0.1,500,0.001,0.001,32,0.4,0.7229268292682927,0.6850152905198776,0.8517110266159695,0.7593220338983051,0.5444325002906436,0.6166667278941684
0.1,500,0.001,0.001,64,0.4,0.7239024390243902,0.6854961832061068,0.8536121673003803,0.7603725656223539,0.5444531975527458,0.6174495869691541
0.1,500,0.001,0.01,16,0.4,0.72,0.680786686838124,0.8555133079847909,0.7582139848357203,0.5478724171749739,0.6144346249497273
0.1,500,0.001,0.01,32,0.4,0.7190243902439024,0.6781437125748503,0.8612167300380228,0.7587939698492462,0.547913753721808,0.6147452891872431
0.1,500,0.001,0.01,64,0.4,0.7190243902439024,0.6792168674698795,0.8574144486692015,0.7579831932773109,0.5476543130722433,0.614280457252575
0.1,500,0.001,0.1,16,0.4,0.6956097560975609,0.6407894736842106,0.9258555133079848,0.7573872472783826,0.5829571379043245,0.6004671539909215
0.1,500,0.001,0.1,32,0.4,0.6878048780487804,0.633419689119171,0.9296577946768061,0.7534668721109399,0.5835669146081435,0.5971927833273967
0.1,500,0.001,0.1,64,0.4,0.6897560975609756,0.6347150259067358,0.9315589353612167,0.7550077041602465,0.5833444005417581,0.5984951677117527
0.1,500,0.01,0.0,16,0.4,0.7239024390243902,0.6816143497757847,0.8669201520912547,0.7631799163179916,0.5473718661145937,0.6183185685105861
0.1,500,0.01,0.0,32,0.4,0.728780487804878,0.6850746268656717,0.8726235741444867,0.7675585284280937,0.5475712661094906,0.6216205792351992
0.1,500,0.01,0.0,64,0.4,0.7258536585365853,0.6820208023774146,0.8726235741444867,0.7656380316930775,0.5476507650159143,0.6200619925940365
0.1,500,0.01,0.001,16,0.4,0.7258536585365853,0.6831091180866966,0.8688212927756654,0.7648535564853557,0.5481998311184392,0.619315160992831
0.1,500,0.01,0.001,32,0.4,0.7268292682926829,0.6830357142857143,0.8726235741444867,0.7662771285475793,0.5482816574206578,0.6203435443168219
0.1,500,0.01,0.001,64,0.4,0.7278048780487805,0.684053651266766,0.8726235741444867,0.7669172932330827,0.5481717815607228,0.6208931436873832
0.1,500,0.01,0.01,16,0.4,0.7248780487804878,0.6773255813953488,0.8859315589353612,0.7677100494233937,0.553336896611853,0.6194399706215932
0.1,500,0.01,0.01,32,0.4,0.7248780487804878,0.6763005780346821,0.8897338403041825,0.7684729064039408,0.5527365036016382,0.6202125724045252
0.1,500,0.01,0.01,64,0.4,0.7248780487804878,0.6773255813953488,0.8859315589353612,0.7677100494233937,0.5528751267633237,0.6196065188892195
0.1,500,0.01,0.1,16,0.4,0.686829268292683,0.6302414231257941,0.9429657794676806,0.7555217060167555,0.5888286768423399,0.5970229152899889
0.1,500,0.01,0.1,32,0.4,0.6819512195121952,0.625,0.9505703422053232,0.7541478129713424,0.5893447927572205,0.5958539850293194
0.1,500,0.01,0.1,64,0.4,0.6839024390243903,0.6265664160401002,0.9505703422053232,0.7552870090634441,0.5898504589087468,0.5965623696749061
0.1,500,0.1,0.0,16,0.5,0.6858536585365854,0.6531531531531531,0.8269961977186312,0.7298657718120806,0.6478388117389269,0.5563660917741461
0.1,500,0.1,0.0,32,0.5,0.7034146341463414,0.6750788643533123,0.8136882129277566,0.7379310344827587,0.6495309985961948,0.5627951709078702
0.1,500,0.1,0.0,64,0.5,0.6897560975609756,0.6630094043887147,0.8041825095057035,0.7268041237113402,0.6503284747193128,0.5538372865089708
0.1,500,0.1,0.001,16,0.5,0.6946341463414634,0.6693163751987281,0.8003802281368821,0.729004329004329,0.6507291466050338,0.5556655852703323
0.1,500,0.1,0.001,32,0.5,0.6858536585365854,0.6608832807570978,0.7965779467680608,0.7224137931034482,0.6501073505437448,0.5506681825542477
0.1,500,0.1,0.001,64,0.5,0.7004878048780487,0.6735340729001584,0.8079847908745247,0.7346585998271391,0.6496659750698847,0.5603248837827985
0.1,500,0.1,0.01,16,0.5,0.7024390243902439,0.6751188589540412,0.8098859315589354,0.7363872082973206,0.6508202960300998,0.5612355138593872
0.1,500,0.1,0.01,32,0.5,0.6878048780487804,0.6574923547400612,0.8174904942965779,0.7288135593220338,0.6524672614844234,0.5541683460088294
0.1,500,0.1,0.01,64,0.5,0.6936585365853658,0.6661442006269592,0.8079847908745247,0.7302405498281787,0.6522033872349329,0.5558028285977147
0.1,500,0.1,0.1,16,0.5,0.6439024390243903,0.6113416320885201,0.8403041825095057,0.7077662129703763,0.6680915475481526,0.5308777822634942
0.1,500,0.1,0.1,32,0.5,0.6829268292682927,0.6462882096069869,0.844106463878327,0.7320692497938994,0.6656844805180223,0.5512350236318411
0.1,500,0.1,0.1,64,0.5,0.6663414634146342,0.6295774647887324,0.8498098859315589,0.7233009708737864,0.666123030237364,0.5439103399917785
0.1,1000,0.0,0.0,16,0.4,0.7229268292682927,0.6844512195121951,0.8536121673003803,0.7597292724196277,0.5439478312761145,0.6171157018215577
0.1,1000,0.0,0.0,32,0.4,0.72,0.6835637480798771,0.8460076045627376,0.756159728122345,0.5442068180094132,0.6143727029409365
0.1,1000,0.0,0.0,64,0.4,0.7209756097560975,0.6846153846153846,0.8460076045627376,0.7568027210884354,0.5442020114886091,0.6148918535389073
0.1,1000,0.0,0.001,16,0.4,0.7258536585365853,0.6864535768645358,0.8574144486692015,0.7624683009298394,0.5444074697286541,0.6190445174861255
0.1,1000,0.0,0.001,32,0.4,0.7229268292682927,0.6855828220858896,0.8498098859315589,0.7589134125636672,0.5443345484927602,0.6164282364143129
0.1,1000,0.0,0.001,64,0.4,0.7229268292682927,0.6855828220858896,0.8498098859315589,0.7589134125636672,0.5444076718147856,0.616401862750798
0.1,1000,0.0,0.01,16,0.4,0.7151219512195122,0.6746268656716418,0.8593155893536122,0.7558528428093646,0.5473023237527492,0.6126566278363639
0.1,1000,0.0,0.01,32,0.4,0.7190243902439024,0.6792168674698795,0.8574144486692015,0.7579831932773109,0.5473752699336938,0.6143811007906198
0.1,1000,0.0,0.01,64,0.4,0.7160975609756097,0.6777609682299546,0.8517110266159695,0.7548441449031171,0.5472559942947416,0.6120536407440615
0.1,1000,0.0,0.1,16,0.4,0.6936585365853658,0.6387434554973822,0.9277566539923955,0.7565891472868217,0.581900226401017,0.6002321137776179
0.1,1000,0.0,0.1,32,0.4,0.6897560975609756,0.6347150259067358,0.9315589353612167,0.7550077041602465,0.5830423615915764,0.5986041052356483
0.1,1000,0.0,0.1,64,0.4,0.6907317073170731,0.6355382619974059,0.9315589353612167,0.7555898226676947,0.5829014435637857,0.5991114489790255
0.1,1000,0.001,0.0,16,0.4,0.7258536585365853,0.6887519260400616,0.8498098859315589,0.7608510638297873,0.5449370059357375,0.6177682038205887
0.1,1000,0.001,0.0,32,0.4,0.7219512195121951,0.6845329249617151,0.8498098859315589,0.7582697201017812,0.5442366647569623,0.6159462965056467
0.1,1000,0.001,0.0,64,0.4,0.7229268292682927,0.6855828220858896,0.8498098859315589,0.7589134125636672,0.5442928286698866,0.6164432836597045
0.1,1000,0.001,0.001,16,0.4,0.7248780487804878,0.6865443425076453,0.8536121673003803,0.7610169491525424,0.5446783831863041,0.6178854376262201
0.1,1000,0.001,0.001,32,0.4,0.7248780487804878,0.6871165644171779,0.8517110266159695,0.7606112054329371,0.5445394622994099,0.6176633800942132
0.1,1000,0.001,0.001,64,0.4,0.7239024390243902,0.6854961832061068,0.8536121673003803,0.7603725656223539,0.5445149878532918,0.6174273008291109
0.1,1000,0.001,0.01,16,0.4,0.7170731707317073,0.6771771771771772,0.8574144486692015,0.7567114093959731,0.5476496397633969,0.6132635758367451
0.1,1000,0.001,0.01,32,0.4,0.7180487804878048,0.6776611694152923,0.8593155893536122,0.757753562447611,0.5476203788868111,0.6140629787437393
0.1,1000,0.001,0.01,64,0.4,0.7209756097560975,0.6801801801801802,0.8612167300380228,0.7600671140939598,0.5476642117482533,0.615853554938252
0.1,1000,0.001,0.1,16,0.4,0.6897560975609756,0.6333333333333333,0.9391634980988594,0.7565084226646248,0.584604777418495,0.5992801083663833
0.1,1000,0.001,0.1,32,0.4,0.6858536585365854,0.6314432989690721,0.9315589353612167,0.7526881720430108,0.5834573166791628,0.596634847553385
0.1,1000,0.001,0.1,64,0.4,0.6878048780487804,0.6330749354005168,0.9315589353612167,0.7538461538461538,0.5834243602689684,0.5975552397296773
0.1,1000,0.01,0.0,16,0.4,0.7326829268292683,0.6869436201780416,0.8802281368821293,0.7716666666666666,0.5475465244951745,0.6247563863726906
0.1,1000,0.01,0.0,32,0.4,0.7297560975609756,0.6849925705794948,0.876425855513308,0.7689741451209341,0.547413173047536,0.6227317758390319
0.1,1000,0.01,0.0,64,0.4,0.7258536585365853,0.6831091180866966,0.8688212927756654,0.7648535564853557,0.5475215844999017,0.6195597867510969
0.1,1000,0.01,0.001,16,0.4,0.7278048780487805,0.6846038863976084,0.870722433460076,0.7665271966527196,0.5485779676804869,0.6204739947906338
0.1,1000,0.01,0.001,32,0.4,0.7317073170731707,0.6859259259259259,0.8802281368821293,0.7710241465445462,0.5481405347329962,0.6240316321222372
0.1,1000,0.01,0.001,64,0.4,0.7239024390243902,0.6810730253353204,0.8688212927756654,0.7635756056808688,0.5481396371362635,0.6183174822044988
0.1,1000,0.01,0.01,16,0.4,0.7229268292682927,0.6723646723646723,0.8973384030418251,0.7687296416938111,0.5528748911661141,0.6202876638135604
0.1,1000,0.01,0.01,32,0.4,0.7248780487804878,0.6778425655976676,0.8840304182509505,0.7673267326732673,0.5529059910034607,0.6193177835179433
0.1,1000,0.01,0.01,64,0.4,0.7258536585365853,0.6783114992721979,0.8859315589353612,0.7683429513602638,0.5527748310377365,0.6201444434487031
0.1,1000,0.01,0.1,16,0.4,0.6858536585365854,0.6307692307692307,0.935361216730038,0.7534456355283308,0.5897639705405163,0.5949850974274754
0.1,1000,0.01,0.1,32,0.4,0.6839024390243903,0.6265664160401002,0.9505703422053232,0.7552870090634441,0.589698044172722,0.5966173416708614
0.1,1000,0.01,0.1,64,0.4,0.6829268292682927,0.6257822277847309,0.9505703422053232,0.7547169811320755,0.5900074510970091,0.5960600606147093
0.1,1000,0.1,0.0,16,0.5,0.7004878048780487,0.6752,0.8022813688212928,0.733275412684622,0.6493077866496111,0.559585948273561
0.1,1000,0.1,0.0,32,0.5,0.6878048780487804,0.6614420062695925,0.8022813688212928,0.7250859106529209,0.6506889111080173,0.5523863996434156
0.1,1000,0.1,0.0,64,0.5,0.6917073170731707,0.6650943396226415,0.8041825095057035,0.7280550774526678,0.6500148042963686,0.554972827608831
0.1,1000,0.1,0.001,16,0.5,0.6858536585365854,0.6588785046728972,0.8041825095057035,0.7243150684931506,0.6488147367860784,0.5523494424599721
0.1,1000,0.1,0.001,32,0.5,0.6995121951219512,0.6724683544303798,0.8079847908745247,0.7340241796200345,0.649862427468273,0.5597359383484207
0.1,1000,0.1,0.001,64,0.5,0.697560975609756,0.6714285714285714,0.8041825095057035,0.7318339100346021,0.6511310384639553,0.5576598345214765
0.1,1000,0.1,0.01,16,0.5,0.697560975609756,0.6698113207547169,0.8098859315589354,0.7332185886402753,0.6497721501601426,0.5590281827003669
0.1,1000,0.1,0.01,32,0.5,0.6985365853658536,0.6676970633693973,0.8212927756653993,0.7365728900255755,0.6521248971052089,0.5604527005614837
0.1,1000,0.1,0.01,64,0.5,0.6917073170731707,0.6625386996904025,0.8136882129277566,0.7303754266211604,0.6518594634945389,0.5558023222584818
0.1,1000,0.1,0.1,16,0.5,0.686829268292683,0.648766328011611,0.8498098859315589,0.7358024691358025,0.6641306027172207,0.5546652742592261
0.1,1000,0.1,0.1,32,0.5,0.6770731707317074,0.6394849785407726,0.8498098859315589,0.7297959183673469,0.667691785714591,0.5485595267762969
0.1,1000,0.1,0.1,64,0.5,0.6702439024390244,0.6331444759206799,0.8498098859315589,0.7256493506493507,0.6672667927954999,0.5453836778730734
0.5,100,0.0,0.0,16,0.45,0.7307317073170732,0.7090301003344481,0.8060836501901141,0.7544483985765125,0.5487715931570686,0.6130129093299861
0.5,100,0.0,0.0,32,0.4,0.7239024390243902,0.6838124054462935,0.8593155893536122,0.7615838247683235,0.5431626888896895,0.6187366121237724
0.5,100,0.0,0.0,64,0.4,0.7180487804878048,0.6837209302325581,0.8384030418250951,0.753202391118702,0.5441900287310579,0.6122374932352421
0.5,100,0.0,0.001,16,0.4,0.7248780487804878,0.6804733727810651,0.8745247148288974,0.7653910149750416,0.5479077210764933,0.6197369048259236
0.5,100,0.0,0.001,32,0.4,0.7229268292682927,0.6867283950617284,0.8460076045627376,0.75809199318569,0.5436627415892393,0.6161239570816993
0.5,100,0.0,0.001,64,0.4,0.7209756097560975,0.6846153846153846,0.8460076045627376,0.7568027210884354,0.544261152518881,0.6148705229211358
0.5,100,0.0,0.01,16,0.4,0.7219512195121951,0.6748911465892597,0.8840304182509505,0.7654320987654321,0.5518703016108564,0.618188362836712
0.5,100,0.0,0.01,32,0.4,0.7219512195121951,0.6795827123695977,0.8669201520912547,0.7619047619047619,0.5488327333000691,0.6167738730382413
0.5,100,0.0,0.01,64,0.4,0.7180487804878048,0.6798179059180577,0.8517110266159695,0.7561181434599156,0.5468187374208093,0.6132339179286151
0.5,100,0.0,0.1,16,0.45,0.6819512195121952,0.6461988304093568,0.8403041825095057,0.7305785123966942,0.5928959504756788,0.5763806926056976
0.5,100,0.0,0.1,32,0.45,0.7053658536585365,0.661849710982659,0.870722433460076,0.7520525451559934,0.5848137220445908,0.5958693573939351
0.5,100,0.0,0.1,64,0.4,0.6897560975609756,0.6336760925449871,0.9372623574144486,0.7561349693251533,0.5834938708058756,0.5993708006364139
0.5,100,0.001,0.0,16,0.4,0.728780487804878,0.6884498480243161,0.8612167300380228,0.7652027027027027,0.5460663974223553,0.6205384070676405
0.5,100,0.001,0.0,32,0.4,0.7219512195121951,0.6845329249617151,0.8498098859315589,0.7582697201017812,0.5442205716375513,0.6159521008715383
0.5,100,0.001,0.0,64,0.4,0.7229268292682927,0.6855828220858896,0.8498098859315589,0.7589134125636672,0.5440942288542174,0.6165149134020014
0.5,100,0.001,0.001,16,0.4,0.7248780487804878,0.6848484848484848,0.8593155893536122,0.7622259696458684,0.5427025913056504,0.6194166508127161
0.5,100,0.001,0.001,32,0.4,0.7248780487804878,0.6876923076923077,0.8498098859315589,0.7602040816326531,0.5456996012432109,0.6169731450212654
0.5,100,0.001,0.001,64,0.4,0.7180487804878048,0.6820276497695853,0.844106463878327,0.7544604927782498,0.5448022167671388,0.6128480757045829
0.5,100,0.001,0.01,16,0.4,0.728780487804878,0.6861861861861862,0.8688212927756654,0.7667785234899329,0.5475604974773303,0.6210814316224925
0.5,100,0.001,0.01,32,0.4,0.7229268292682927,0.6873065015479877,0.844106463878327,0.757679180887372,0.5500557111910062,0.6135454278164544
0.5,100,0.001,0.01,64,0.4,0.7229268292682927,0.6838905775075987,0.8555133079847909,0.7601351351351351,0.5474619750848497,0.6161227507407185
0.5,100,0.001,0.1,16,0.45,0.7014634146341463,0.6666666666666666,0.8365019011406845,0.7419898819561551,0.5883634559053267,0.5873183411698699
0.5,100,0.001,0.1,32,0.4,0.6829268292682927,0.6290115532734275,0.9315589353612167,0.7509578544061303,0.5825526451325422,0.5956031859032779
0.5,100,0.001,0.1,64,0.4,0.688780487804878,0.6318471337579618,0.9429657794676806,0.7566742944317315,0.5847101311589831,0.599410338805259
0.5,100,0.01,0.0,16,0.4,0.7102439024390244,0.6686303387334315,0.8631178707224335,0.7535269709543568,0.5536761145825374,0.6084156302677701
0.5,100,0.01,0.0,32,0.4,0.7239024390243902,0.6816143497757847,0.8669201520912547,0.7631799163179916,0.5480930964242635,0.6180584396628113
0.5,100,0.01,0.0,64,0.4,0.7239024390243902,0.68,0.8726235741444867,0.7643630308076603,0.5479762002062806,0.6189290230365518
0.5,100,0.01,0.001,16,0.4,0.7239024390243902,0.6843702579666161,0.8574144486692015,0.7611814345991561,0.550690063504587,0.615747487475927
0.5,100,0.01,0.001,32,0.4,0.7209756097560975,0.6759530791788856,0.876425855513308,0.7632450331125827,0.5496554494395457,0.6173657961283269
0.5,100,0.01,0.001,64,0.4,0.7278048780487805,0.6851574212893553,0.8688212927756654,0.7661357921207042,0.5475848407199039,0.6205598743685694
0.5,100,0.01,0.01,16,0.4,0.7180487804878048,0.672992700729927,0.876425855513308,0.7613542526837325,0.55557168334404,0.6137281706123905
0.5,100,0.01,0.01,32,0.4,0.7209756097560975,0.6709401709401709,0.8954372623574145,0.7671009771986971,0.5538887778788562,0.6186520610422667
0.5,100,0.01,0.01,64,0.4,0.7278048780487805,0.6782106782106783,0.8935361216730038,0.771123872026251,0.5536937046440366,0.6219214631416186
0.5,100,0.01,0.1,16,0.4,0.6760975609756098,0.6293333333333333,0.8973384030418251,0.7398119122257053,0.5871665464716377,0.5850594731330755
0.5,100,0.01,0.1,32,0.4,0.6634146341463415,0.6149936467598475,0.9201520912547528,0.7372429550647372,0.5907844734024157,0.5817640194253523
0.5,100,0.01,0.1,64,0.4,0.6819512195121952,0.6262626262626263,0.9429657794676806,0.7526555386949925,0.589807416661236,0.5944259009990807
0.5,100,0.1,0.0,16,0.45,0.6234146341463415,0.5886075949367089,0.8840304182509505,0.7066869300911854,0.6462807912977538,0.5374134862129658
0.5,100,0.1,0.0,32,0.45,0.6136585365853658,0.5773809523809523,0.9220532319391636,0.7101024890190337,0.6491499197575417,0.5392272355027099
0.5,100,0.1,0.0,64,0.5,0.697560975609756,0.6794019933554817,0.7775665399239544,0.725177304964539,0.6480735374575453,0.5547007325869455
0.5,100,0.1,0.001,16,0.45,0.6078048780487805,0.5754257907542579,0.8992395437262357,0.701780415430267,0.6559770554092128,0.5299932140807168
0.5,100,0.1,0.001,32,0.45,0.6302439024390244,0.5910780669144982,0.9068441064638784,0.7156789197299325,0.6478832248389724,0.5440240657632345
0.5,100,0.1,0.001,64,0.5,0.6760975609756098,0.6549520766773163,0.779467680608365,0.7118055555555556,0.6449720196743215,0.5446521068878777
0.5,100,0.1,0.01,16,0.4,0.5639024390243902,0.5439377085650723,0.9296577946768061,0.6863157894736842,0.6545950521344047,0.5183052652604254
0.5,100,0.1,0.01,32,0.5,0.6702439024390244,0.6273712737127372,0.8802281368821293,0.7325949367088608,0.6547268762577018,0.5550509904395087
0.5,100,0.1,0.01,64,0.5,0.6936585365853658,0.6591591591591591,0.8346007604562737,0.7365771812080537,0.6496949997929998,0.560887083117162
0.5,100,0.1,0.1,16,0.45,0.5814634146341463,0.5543113101903695,0.94106463878327,0.6976744186046512,0.6742780436656265,0.5204656772576713
0.5,100,0.1,0.1,32,0.5,0.6663414634146342,0.6479099678456591,0.7661596958174905,0.7020905923344948,0.6665069888674405,0.5295882336483513
0.5,100,0.1,0.1,64,0.5,0.6858536585365854,0.6574074074074074,0.8098859315589354,0.7257240204429302,0.6633831758112801,0.5480085206185159
0.5,200,0.0,0.0,16,0.4,0.7248780487804878,0.6854103343465046,0.8574144486692015,0.7618243243243243,0.5474718148185386,0.6174233045015387
0.5,200,0.0,0.0,32,0.4,0.7248780487804878,0.6837349397590361,0.8631178707224335,0.7630252100840336,0.5447588062971949,0.6192224713168653
0.5,200,0.0,0.0,64,0.4,0.7219512195121951,0.6856702619414484,0.8460076045627376,0.7574468085106383,0.5440610402261246,0.6154610369584089
0.5,200,0.0,0.001,16,0.4,0.7258536585365853,0.6881720430107527,0.8517110266159695,0.7612574341546304,0.5479846577581523,0.6169397828559608
0.5,200,0.0,0.001,32,0.4,0.728780487804878,0.6884498480243161,0.8612167300380228,0.7652027027027027,0.5459192556150912,0.6205914772565524
0.5,200,0.0,0.001,64,0.4,0.72,0.6841294298921418,0.844106463878327,0.7557446808510638,0.5443900131415842,0.6140308327057331
0.5,200,0.0,0.01,16,0.4,0.7121951219512195,0.6742081447963801,0.8498098859315589,0.751892346509672,0.5524895113942451,0.6078469972111997
0.5,200,0.0,0.01,32,0.4,0.7248780487804878,0.6837349397590361,0.8631178707224335,0.7630252100840336,0.5468305338426998,0.6184752535528719
0.5,200,0.0,0.01,64,0.4,0.7170731707317073,0.6798780487804879,0.8479087452471483,0.754653130287648,0.5469187544401767,0.6121269360248349
0.5,200,0.0,0.1,16,0.45,0.6995121951219512,0.6631736526946108,0.8422053231939164,0.7420435510887772,0.5909415145465783,0.5862661479355561
0.5,200,0.0,0.1,32,0.4,0.6760975609756098,0.6253229974160207,0.9201520912547528,0.7446153846153846,0.5861010074747109,0.589264639235657
0.5,200,0.0,0.1,64,0.4,0.6878048780487804,0.6337662337662338,0.9277566539923955,0.7530864197530864,0.5830168459157637,0.5970802034083454
0.5,200,0.001,0.0,16,0.4,0.7209756097560975,0.6851851851851852,0.844106463878327,0.7563884156729132,0.5535016420793542,0.6112629334624835
0.5,200,0.001,0.0,32,0.4,0.7190243902439024,0.6819571865443425,0.8479087452471483,0.7559322033898305,0.5451821010060027,0.6137815801042872
0.5,200,0.001,0.0,64,0.4,0.7229268292682927,0.6844512195121951,0.8536121673003803,0.7597292724196277,0.5447055354571781,0.6168424178054374
0.5,200,0.001,0.001,16,0.4,0.7180487804878048,0.6714905933429812,0.8821292775665399,0.76253081347576,0.5493705459492494,0.6168139901828269
0.5,200,0.001,0.001,32,0.4,0.7258536585365853,0.6887519260400616,0.8498098859315589,0.7608510638297873,0.5452436930556378,0.6176575898238426
0.5,200,0.001,0.001,64,0.4,0.7239024390243902,0.6854961832061068,0.8536121673003803,0.7603725656223539,0.5444595444726678,0.61744729780168
0.5,200,0.001,0.01,16,0.4,0.7229268292682927,0.6850152905198776,0.8517110266159695,0.7593220338983051,0.5475858183349808,0.6155294088179407
0.5,200,0.001,0.01,32,0.4,0.7170731707317073,0.6755952380952381,0.8631178707224335,0.7579298831385642,0.5488824287864388,0.6136626851114886
0.5,200,0.001,0.01,64,0.4,0.7170731707317073,0.6771771771771772,0.8574144486692015,0.7567114093959731,0.5478530918212938,0.6131901960179984
0.5,200,0.001,0.1,16,0.4,0.6926829268292682,0.6435374149659864,0.8992395437262357,0.7501982553528945,0.5863196300918054,0.5935753117374217
0.5,200,0.001,0.1,32,0.45,0.6985365853658536,0.6593245227606461,0.8536121673003803,0.743993371996686,0.5870030988359838,0.5889689455319539
0.5,200,0.001,0.1,64,0.4,0.686829268292683,0.6326002587322122,0.9296577946768061,0.7528868360277137,0.5846052894385252,0.5963630322111899
0.5,200,0.01,0.0,16,0.4,0.7278048780487805,0.6727272727272727,0.9144486692015209,0.7751813053988719,0.5514226885858099,0.6257951184186159
0.5,200,0.01,0.0,32,0.4,0.728780487804878,0.6873111782477341,0.8650190114068441,0.765993265993266,0.5480341985119718,0.6203689219219267
0.5,200,0.01,0.0,64,0.4,0.7317073170731707,0.6864784546805349,0.8783269961977186,0.7706422018348624,0.5472638833473167,0.6240776657447535
0.5,200,0.01,0.001,16,0.4,0.7258536585365853,0.6798825256975036,0.8802281368821293,0.7671913835956918,0.5516669645897915,0.619714821842241
0.5,200,0.01,0.001,32,0.4,0.7209756097560975,0.682370820668693,0.8536121673003803,0.7584459459459459,0.5483377926882333,0.6145027636178682
0.5,200,0.01,0.001,64,0.4,0.7297560975609756,0.6844444444444444,0.8783269961977186,0.7693588676103247,0.5482408899907761,0.6227049665547131
0.5,200,0.01,0.01,16,0.45,0.7307317073170732,0.6953125,0.8460076045627376,0.7632933104631218,0.554089096354423,0.6165513265174588
0.5,200,0.01,0.01,32,0.4,0.7229268292682927,0.6805970149253732,0.8669201520912547,0.7625418060200669,0.5543486684135004,0.6152928829831341
0.5,200,0.01,0.01,64,0.4,0.7190243902439024,0.6719653179190751,0.8840304182509505,0.7635467980295566,0.5524419329977136,0.6164866750867035
0.5,200,0.01,0.1,16,0.45,0.6907317073170731,0.64822695035461,0.8688212927756654,0.7424857839155159,0.5942543345167066,0.5848678407052058
0.5,200,0.01,0.1,32,0.4,0.6741463414634147,0.6209068010075567,0.9372623574144486,0.746969696969697,0.59142874567596,0.5893222596691432
0.5,200,0.01,0.1,64,0.4,0.6731707317073171,0.6204287515762925,0.935361216730038,0.7460197119029568,0.5882361444251247,0.5897091284481579
0.5,200,0.1,0.0,16,0.45,0.6624390243902439,0.6147959183673469,0.9163498098859315,0.7358778625954199,0.6435191735680642,0.5616464943578481
0.5,200,0.1,0.0,32,0.45,0.6058536585365853,0.5701149425287356,0.9429657794676806,0.7106017191977078,0.6494936832840684,0.5397410050151558
0.5,200,0.1,0.0,64,0.5,0.697560975609756,0.6794019933554817,0.7775665399239544,0.725177304964539,0.6424503486534476,0.556728869237359
0.5,200,0.1,0.001,16,0.5,0.6536585365853659,0.6195804195804195,0.8422053231939164,0.7139403706688154,0.649897630434978,0.5423797334216723
0.5,200,0.1,0.001,32,0.5,0.6790243902439025,0.6561014263074485,0.7870722433460076,0.7156439066551427,0.6389984824348747,0.5495757715276701
0.5,200,0.1,0.001,64,0.5,0.704390243902439,0.679549114331723,0.8022813688212928,0.7358326068003488,0.6461351503512327,0.5628247221860495
0.5,200,0.1,0.01,16,0.4,0.5853658536585366,0.5571913929784824,0.935361216730038,0.6983676366217175,0.6550409330162039,0.5278831718989727
0.5,200,0.1,0.01,32,0.45,0.593170731707317,0.5611672278338945,0.9505703422053232,0.7057163020465773,0.6550156007944932,0.5339767424225391
0.5,200,0.1,0.01,64,0.5,0.686829268292683,0.6579352850539292,0.811787072243346,0.7268085106382979,0.6479139598299507,0.5543960715584144
0.5,200,0.1,0.1,16,0.4,0.5326829268292683,0.5235707121364093,0.9923954372623575,0.685489166119501,0.6762271318103102,0.5109508061765755
0.5,200,0.1,0.1,32,0.5,0.6478048780487805,0.6244343891402715,0.7870722433460076,0.6963835155592936,0.664750215851609,0.5244563649673497
0.5,200,0.1,0.1,64,0.5,0.671219512195122,0.6383601756954612,0.8288973384030418,0.7212572373862697,0.663365129436922,0.5437454764410561
0.5,500,0.0,0.0,16,0.4,0.7112195121951219,0.6854838709677419,0.8079847908745247,0.7417102966841187,0.5509243162260743,0.6017010490938999
0.5,500,0.0,0.0,32,0.4,0.7248780487804878,0.6888544891640866,0.8460076045627376,0.7593856655290102,0.5444516714360468,0.6168807306204307
0.5,500,0.0,0.0,64,0.4,0.7190243902439024,0.6859375,0.8346007604562737,0.7530017152658662,0.5442132332631706,0.6121982682177618
0.5,500,0.0,0.001,16,0.4,0.7239024390243902,0.6827067669172933,0.8631178707224335,0.762384550797649,0.5485500542597757,0.6173429268049069
0.5,500,0.0,0.001,32,0.4,0.728780487804878,0.6861861861861862,0.8688212927756654,0.7667785234899329,0.545701180621205,0.6217520384244358
0.5,500,0.0,0.001,64,0.4,0.728780487804878,0.6896024464831805,0.8574144486692015,0.764406779661017,0.5445248466776397,0.6205556006973388
0.5,500,0.0,0.01,16,0.4,0.7326829268292683,0.6891891891891891,0.8726235741444867,0.7701342281879194,0.5466119633601282,0.6240187778233217
0.5,500,0.0,0.01,32,0.4,0.7121951219512195,0.6731634182908546,0.8536121673003803,0.7527242246437552,0.5472481512918771,0.6103067847057386
0.5,500,0.0,0.01,64,0.4,0.7180487804878048,0.6781954887218045,0.8574144486692015,0.7573467674223342,0.5471348115570751,0.6139581041407178
0.5,500,0.0,0.1,16,0.45,0.6907317073170731,0.6548148148148148,0.8403041825095057,0.736053288925895,0.5957182207590004,0.579771737954372
0.5,500,0.0,0.1,32,0.4,0.688780487804878,0.6385542168674698,0.9068441064638784,0.7494108405341713,0.5834090483951639,0.593986907414987
0.5,500,0.0,0.1,64,0.4,0.6878048780487804,0.633419689119171,0.9296577946768061,0.7534668721109399,0.5825584689919503,0.5975565031997687
0.5,500,0.001,0.0,16,0.4,0.7268292682926829,0.6869300911854104,0.8593155893536122,0.7635135135135135,0.547007158270929,0.6188949966203463
0.5,500,0.001,0.0,32,0.4,0.7229268292682927,0.6822289156626506,0.8612167300380228,0.761344537815126,0.5455349481977801,0.6176433103831201
0.5,500,0.001,0.0,64,0.4,0.7229268292682927,0.6844512195121951,0.8536121673003803,0.7597292724196277,0.5440406017546848,0.6170822419442141
0.5,500,0.001,0.001,16,0.4,0.7258536585365853,0.6847662141779789,0.8631178707224335,0.7636669470142977,0.5431648990581682,0.6203103824139796
0.5,500,0.001,0.001,32,0.4,0.7219512195121951,0.6795827123695977,0.8669201520912547,0.7619047619047619,0.5459647257208152,0.6178082881161966
0.5,500,0.001,0.001,64,0.4,0.7248780487804878,0.6859756097560976,0.8555133079847909,0.7614213197969543,0.5447748061130385,0.618123177620118
0.5,500,0.001,0.01,16,0.4,0.7209756097560975,0.6941747572815534,0.8155893536121673,0.75,0.5503955270631934,0.6083064716061662
0.5,500,0.001,0.01,32,0.4,0.7121951219512195,0.6711111111111111,0.8612167300380228,0.7543713572023314,0.5477316467216212,0.6112744067053844
0.5,500,0.001,0.01,64,0.4,0.7219512195121951,0.680119581464873,0.8650190114068441,0.7615062761506276,0.5475320628981559,0.616965572000769
0.5,500,0.001,0.1,16,0.45,0.7024390243902439,0.6613138686131387,0.8612167300380228,0.7481420313790256,0.5881054899471818,0.5917324262650308
0.5,500,0.001,0.1,32,0.45,0.6965853658536585,0.6555716353111433,0.8612167300380228,0.7444535743631882,0.5848947150418201,0.5899418588285286
0.5,500,0.001,0.1,64,0.4,0.686829268292683,0.6309067688378033,0.9391634980988594,0.7547746371275783,0.5840844424174474,0.5981099958741748
0.5,500,0.01,0.0,16,0.4,0.72,0.6796992481203008,0.8593155893536122,0.7590260285474392,0.5485802427823203,0.6147351962160325
0.5,500,0.01,0.0,32,0.4,0.7248780487804878,0.6799410029498525,0.876425855513308,0.7657807308970099,0.5494334358335797,0.6194627456643698
0.5,500,0.01,0.0,64,0.4,0.7248780487804878,0.6799410029498525,0.876425855513308,0.7657807308970099,0.5478708144455849,0.6200263421961816
0.5,500,0.01,0.001,16,0.4,0.7209756097560975,0.6724137931034483,0.8897338403041825,0.7659574468085106,0.5531106534632014,0.6180860386283058
0.5,500,0.01,0.001,32,0.4,0.7317073170731707,0.684287812041116,0.8859315589353612,0.772162386081193,0.5474439298395907,0.6250953296437155
0.5,500,0.01,0.001,64,0.4,0.7297560975609756,0.6844444444444444,0.8783269961977186,0.7693588676103247,0.5483075009436079,0.6226809417318833
0.5,500,0.01,0.01,16,0.4,0.7170731707317073,0.6661971830985915,0.8992395437262357,0.7653721682847896,0.5586178102167503,0.6155505997216177
0.5,500,0.01,0.01,32,0.4,0.72,0.670958512160229,0.8916349809885932,0.7657142857142857,0.5531412704453647,0.617861979063269
0.5,500,0.01,0.01,64,0.4,0.728780487804878,0.6823529411764706,0.8821292775665399,0.7694859038142621,0.5527680840508734,0.6211095855891001
0.5,500,0.01,0.1,16,0.45,0.6995121951219512,0.6617210682492581,0.8479087452471483,0.7433333333333333,0.5963856291104267,0.5851900406447855
0.5,500,0.01,0.1,32,0.45,0.7102439024390244,0.6706408345752608,0.8555133079847909,0.7518796992481203,0.5899837177715914,0.5941700273320774
0.5,500,0.01,0.1,64,0.4,0.6839024390243903,0.629156010230179,0.935361216730038,0.7522935779816514,0.5906983907816166,0.5937447351441806
0.5,500,0.1,0.0,16,0.45,0.6360975609756098,0.5967130214917825,0.8973384030418251,0.7167805618830676,0.6534863586800945,0.5428577571326489
0.5,500,0.1,0.0,32,0.45,0.6078048780487805,0.5736342042755345,0.9182509505703422,0.706140350877193,0.6479488950362013,0.5364721384627207
0.5,500,0.1,0.0,64,0.5,0.6995121951219512,0.6866438356164384,0.7623574144486692,0.7225225225225225,0.6444476354864707,0.5548044872322739
0.5,500,0.1,0.001,16,0.45,0.6204878048780488,0.5890767230169051,0.8612167300380228,0.6996138996138996,0.6508966077044323,0.5302131727276083
0.5,500,0.1,0.001,32,0.45,0.6282926829268293,0.5902864259028643,0.9011406844106464,0.7133182844243793,0.6476629496413386,0.5422068299835195
0.5,500,0.1,0.001,64,0.5,0.7034146341463414,0.688135593220339,0.7718631178707225,0.7275985663082437,0.6442269305289926,0.5584626735533642
0.5,500,0.1,0.01,16,0.45,0.6078048780487805,0.5773067331670823,0.8802281368821293,0.697289156626506,0.6635357646362595,0.5236686487563799
0.5,500,0.1,0.01,32,0.45,0.6253658536585366,0.5880893300248139,0.9011406844106464,0.7117117117117117,0.6479793280704744,0.5408126338418091
0.5,500,0.1,0.01,64,0.5,0.7073170731707317,0.6816720257234726,0.8060836501901141,0.7386759581881533,0.653267685067691,0.5623969907908171
0.5,500,0.1,0.1,16,0.4,0.5346341463414634,0.5247724974721941,0.9866920152091255,0.6851485148514852,0.6795040213935981,0.5093612819577354
0.5,500,0.1,0.1,32,0.45,0.5990243902439024,0.56601607347876,0.9372623574144486,0.705798138869005,0.6633842981020519,0.5308304522928968
0.5,500,0.1,0.1,64,0.5,0.6653658536585366,0.6244897959183674,0.8726235741444867,0.7279936558287073,0.6617029738659588,0.5489358875768293
0.5,1000,0.0,0.0,16,0.4,0.7317073170731707,0.6927803379416283,0.8574144486692015,0.7663551401869159,0.5483284182555961,0.620745445047451
0.5,1000,0.0,0.0,32,0.4,0.7229268292682927,0.6850152905198776,0.8517110266159695,0.7593220338983051,0.5442052719529534,0.6167486831931522
0.5,1000,0.0,0.0,64,0.4,0.72,0.6852713178294574,0.8403041825095057,0.7549103330486764,0.5441093914139898,0.6135814940309676
0.5,1000,0.0,0.001,16,0.4,0.7307317073170732,0.691131498470948,0.8593155893536122,0.7661016949152543,0.5458754626791592,0.6213758621860581
0.5,1000,0.0,0.001,32,0.4,0.7258536585365853,0.6917057902973396,0.8403041825095057,0.7587982832618025,0.5459722287533779,0.6160465483104339
0.5,1000,0.0,0.001,64,0.4,0.7219512195121951,0.6845329249617151,0.8498098859315589,0.7582697201017812,0.5443149687648277,0.6159180543046894
0.5,1000,0.0,0.01,16,0.4,0.7151219512195122,0.6794478527607362,0.8422053231939164,0.7521222410865874,0.5483880740619941,0.6097300332528363
0.5,1000,0.0,0.01,32,0.4,0.7170731707317073,0.6782477341389728,0.8536121673003803,0.7558922558922558,0.5484928535047994,0.6123984315770691
0.5,1000,0.0,0.01,64,0.4,0.7151219512195122,0.6772727272727272,0.8498098859315589,0.7537942664418212,0.5475193154679626,0.6111670373335241
0.5,1000,0.0,0.1,16,0.4,0.6819512195121952,0.6288659793814433,0.9277566539923955,0.7496159754224271,0.597900209676328,0.5889864538959566
0.5,1000,0.0,0.1,32,0.4,0.6780487804878049,0.6266149870801033,0.9220532319391636,0.7461538461538462,0.581299368675349,0.5922173317035747
0.5,1000,0.0,0.1,64,0.4,0.6907317073170731,0.6348387096774194,0.935361216730038,0.7563412759415834,0.5827837227260931,0.5997722028560105
0.5,1000,0.001,0.0,16,0.4,0.7209756097560975,0.6834862385321101,0.8498098859315589,0.7576271186440678,0.5475005114843017,0.6142527835199442
0.5,1000,0.001,0.0,32,0.4,0.7239024390243902,0.6860643185298622,0.8517110266159695,0.7599660729431722,0.5440888977353239,0.6173078131464459
0.5,1000,0.001,0.0,64,0.4,0.7239024390243902,0.6866359447004609,0.8498098859315589,0.7595581988105352,0.544589853682458,0.6168543170795864
0.5,1000,0.001,0.001,16,0.4,0.72,0.6870109546165885,0.8346007604562737,0.7536480686695279,0.5472765134697385,0.6116160441646923
0.5,1000,0.001,0.001,32,0.4,0.7248780487804878,0.6871165644171779,0.8517110266159695,0.7606112054329371,0.5440702258939927,0.6178326213529881
0.5,1000,0.001,0.001,64,0.4,0.7248780487804878,0.6882716049382716,0.8479087452471483,0.7597955706984668,0.544876738209509,0.6169984907387632
0.5,1000,0.001,0.01,16,0.4,0.7326829268292683,0.6909090909090909,0.8669201520912547,0.7689713322091062,0.5496958839575214,0.6221042316265254
0.5,1000,0.001,0.01,32,0.4,0.713170731707317,0.6710914454277286,0.8650190114068441,0.7558139534883721,0.5510530751522466,0.6111498542275731
0.5,1000,0.001,0.01,64,0.4,0.7209756097560975,0.6801801801801802,0.8612167300380228,0.7600671140939598,0.5472404576681908,0.6160063919157177
0.5,1000,0.001,0.1,16,0.45,0.6839024390243903,0.6451149425287356,0.8536121673003803,0.734860883797054,0.5934075508635571,0.5793388676894965
0.5,1000,0.001,0.1,32,0.45,0.7073170731707317,0.6706948640483383,0.844106463878327,0.7474747474747475,0.5822476107654997,0.5937197550805049
0.5,1000,0.001,0.1,64,0.4,0.6829268292682927,0.6296774193548387,0.9277566539923955,0.7501921598770177,0.5835839360686835,0.5946026337021375
0.5,1000,0.01,0.0,16,0.4,0.728780487804878,0.6834319526627219,0.8783269961977186,0.7687188019966722,0.5495635146083002,0.6217190743373758
0.5,1000,0.01,0.0,32,0.4,0.7258536585365853,0.6820208023774146,0.8726235741444867,0.7656380316930775,0.5470723746525258,0.6202706028212761
0.5,1000,0.01,0.0,64,0.4,0.7248780487804878,0.6826347305389222,0.8669201520912547,0.7638190954773869,0.5475325008764452,0.6187708441728976
0.5,1000,0.01,0.001,16,0.4,0.7278048780487805,0.6874051593323217,0.8612167300380228,0.7645569620253164,0.5474008937189853,0.6195403748991724
0.5,1000,0.01,0.001,32,0.4,0.7229268292682927,0.6811377245508982,0.8650190114068441,0.7621440536013401,0.548342149381697,0.6171828095059427
0.5,1000,0.01,0.001,64,0.4,0.7268292682926829,0.6824925816023739,0.8745247148288974,0.7666666666666667,0.5482612480994931,0.6206248345191955
0.5,1000,0.01,0.01,16,0.4,0.7190243902439024,0.6814024390243902,0.8498098859315589,0.7563451776649747,0.5563369394079041,0.6100357877606591
0.5,1000,0.01,0.01,32,0.4,0.7239024390243902,0.6758321273516642,0.8878326996197718,0.7674609695973705,0.5529835934555318,0.6193452666734862
0.5,1000,0.01,0.01,64,0.4,0.7268292682926829,0.6798245614035088,0.8840304182509505,0.768595041322314,0.5526727683798374,0.6204080600488338
0.5,1000,0.01,0.1,16,0.45,0.6848780487804879,0.6411682892906815,0.876425855513308,0.7405622489959839,0.6004195223646583,0.5810142389090984
0.5,1000,0.01,0.1,32,0.45,0.7024390243902439,0.6646795827123696,0.8479087452471483,0.7451963241436925,0.5903127788701527,0.5888768333616677
0.5,1000,0.01,0.1,64,0.4,0.6790243902439025,0.6226650062266501,0.9505703422053232,0.7524454477050414,0.5908888331830215,0.5939654757015215
0.5,1000,0.1,0.0,16,0.5,0.6546341463414634,0.6253644314868805,0.8155893536121673,0.7079207920792079,0.6536383355003178,0.5368364130199165
0.5,1000,0.1,0.0,32,0.45,0.6292682926829268,0.5914786967418546,0.8973384030418251,0.7129909365558912,0.6466009845416962,0.5423224693879998
0.5,1000,0.1,0.0,64,0.5,0.6848780487804879,0.6688851913477537,0.7642585551330798,0.7133984028393966,0.6439725429999026,0.5472331310027815
0.5,1000,0.1,0.001,16,0.4,0.551219512195122,0.5338809034907598,0.9885931558935361,0.6933333333333334,0.6595008134744194,0.5232167759793385
0.5,1000,0.1,0.001,32,0.5,0.6907317073170731,0.6727272727272727,0.7737642585551331,0.7197170645446508,0.6456319925285323,0.5512865970974047
0.5,1000,0.1,0.001,64,0.5,0.6770731707317074,0.650231124807396,0.8022813688212928,0.7182978723404255,0.6492554702539814,0.5473544621781729
0.5,1000,0.1,0.01,16,0.4,0.551219512195122,0.534375,0.9752851711026616,0.6904441453566622,0.6530518806781987,0.5229230614094209
0.5,1000,0.1,0.01,32,0.45,0.5960975609756097,0.5645161290322581,0.9315589353612167,0.703012912482066,0.6534960405029016,0.5321060541589648
0.5,1000,0.1,0.01,64,0.5,0.68,0.6612377850162866,0.7718631178707225,0.712280701754386,0.6469032692493976,0.5447761655022213
0.5,1000,0.1,0.1,16,0.4,0.5424390243902439,0.5292307692307693,0.9809885931558935,0.6875416389073951,0.6690540864176318,0.51493545306462
0.5,1000,0.1,0.1,32,0.45,0.5746341463414634,0.5495594713656388,0.9486692015209125,0.6959553695955369,0.6633287342009762,0.5231509700236429
0.5,1000,0.1,0.1,64,0.5,0.6858536585365854,0.6559633027522935,0.8155893536121673,0.7271186440677966,0.6615234450266122,0.5495946249968018
1,100,0.0,0.0,16,0.4,0.713170731707317,0.6633802816901408,0.8954372623574145,0.7621359223300971,0.5651315106143319,0.6106731290769158
1,100,0.0,0.0,32,0.4,0.7209756097560975,0.6851851851851852,0.844106463878327,0.7563884156729132,0.543878581864676,0.6147337187749565
1,100,0.0,0.0,64,0.4,0.7317073170731707,0.6921898928024502,0.8593155893536122,0.7667514843087362,0.5444143196114488,0.6224233258285975
1,100,0.0,0.001,16,0.4,0.7160975609756097,0.6690647482014388,0.8840304182509505,0.7616707616707616,0.5575260023851117,0.6131648372400499
1,100,0.0,0.001,32,0.4,0.7239024390243902,0.687211093990755,0.8479087452471483,0.7591489361702127,0.546205996335043,0.6159989599273394
1,100,0.0,0.001,64,0.4,0.72,0.6852713178294574,0.8403041825095057,0.7549103330486764,0.5459292495763202,0.6129251189444889
1,100,0.0,0.01,16,0.4,0.7160975609756097,0.674074074074074,0.8650190114068441,0.7577019150707743,0.5493226066811026,0.6132815293131201
1,100,0.0,0.01,32,0.4,0.713170731707317,0.6726190476190477,0.8593155893536122,0.7545909849749582,0.5484577111719433,0.61123019891542
1,100,0.0,0.01,64,0.4,0.7209756097560975,0.682370820668693,0.8536121673003803,0.7584459459459459,0.5486372693638913,0.6143947502391598
1,100,0.0,0.1,16,0.45,0.697560975609756,0.6578947368421053,0.8555133079847909,0.743801652892562,0.594298285052076,0.5861427059673823
1,100,0.0,0.1,32,0.4,0.6790243902439025,0.625158831003812,0.935361216730038,0.7494287890327495,0.5847058585834232,0.5936587438657838
1,100,0.0,0.1,64,0.4,0.6809756097560976,0.6293888166449935,0.9201520912547528,0.7474903474903475,0.5864359215478927,0.5914074563991396
1,100,0.001,0.0,16,0.4,0.728780487804878,0.6901840490797546,0.8555133079847909,0.7640067911714771,0.5566910078718404,0.6158987378862247
1,100,0.001,0.0,32,0.4,0.7239024390243902,0.6843702579666161,0.8574144486692015,0.7611814345991561,0.5491758355646003,0.6162936297608755
1,100,0.001,0.0,64,0.45,0.7297560975609756,0.7057851239669422,0.811787072243346,0.7550839964633068,0.5457650917622533,0.6143163515359351
1,100,0.001,0.001,16,0.4,0.713170731707317,0.6979522184300341,0.7775665399239544,0.7356115107913669,0.5556296616394732,0.5967028727740191
1,100,0.001,0.001,32,0.4,0.728780487804878,0.6873111782477341,0.8650190114068441,0.765993265993266,0.5455716147577322,0.6212571112644305
1,100,0.001,0.001,64,0.4,0.7258536585365853,0.6831091180866966,0.8688212927756654,0.7648535564853557,0.5460116276751441,0.6201043885568555
1,100,0.001,0.01,16,0.4,0.6965853658536585,0.658321060382916,0.8498098859315589,0.7419087136929461,0.5715877564111578,0.5929439728657958
1,100,0.001,0.01,32,0.4,0.7151219512195122,0.6715542521994134,0.870722433460076,0.7582781456953642,0.553030869706067,0.6122933212697987
1,100,0.001,0.01,64,0.4,0.7219512195121951,0.681203007518797,0.8612167300380228,0.760705289672544,0.5485849563839716,0.6160319173340671
1,100,0.001,0.1,16,0.45,0.6946341463414634,0.6748768472906403,0.7813688212927756,0.7242290748898679,0.5913923418214566,0.5741333836343494
1,100,0.001,0.1,32,0.45,0.7004878048780487,0.6593886462882096,0.8612167300380228,0.7469084913437758,0.5849921908665136,0.5918691991505244
1,100,0.001,0.1,64,0.4,0.6819512195121952,0.6302083333333334,0.9201520912547528,0.7480680061823802,0.5832346755837001,0.593016721292532
1,100,0.01,0.0,16,0.4,0.7063414634146341,0.6618705035971223,0.8745247148288974,0.7534807534807535,0.5619447780305735,0.605195479696603
1,100,0.01,0.0,32,0.4,0.713170731707317,0.6681159420289855,0.876425855513308,0.7582236842105263,0.5508577231666809,0.6129386711795335
1,100,0.01,0.0,64,0.4,0.728780487804878,0.6823529411764706,0.8821292775665399,0.7694859038142621,0.5491702060474742,0.622407245777407
1,100,0.01,0.001,16,0.4,0.7229268292682927,0.6838905775075987,0.8555133079847909,0.7601351351351351,0.5512362955944254,0.6147614523702459
1,100,0.01,0.001,32,0.4,0.7160975609756097,0.674074074074074,0.8650190114068441,0.7577019150707743,0.5491662565748203,0.6133379206938641
1,100,0.01,0.001,64,0.4,0.7239024390243902,0.6810730253353204,0.8688212927756654,0.7635756056808688,0.5466585116465369,0.6188516853042395
1,100,0.01,0.01,16,0.4,0.6770731707317074,0.631578947368421,0.8897338403041825,0.7387529597474349,0.5709621879837746,0.5900940017811005
1,100,0.01,0.01,32,0.4,0.7307317073170732,0.6849112426035503,0.8802281368821293,0.7703826955074875,0.5542181283019623,0.6213299627094612
1,100,0.01,0.01,64,0.4,0.7248780487804878,0.6804733727810651,0.8745247148288974,0.7653910149750416,0.5523855394311111,0.6181218732423714
1,100,0.01,0.1,16,0.4,0.6770731707317074,0.637906647807638,0.8574144486692015,0.7315490673154906,0.5853090326469905,0.5795361296037043
1,100,0.01,0.1,32,0.45,0.7063414634146341,0.6632801161103048,0.8688212927756654,0.7522633744855967,0.5889958255619469,0.5945609411113746
1,100,0.01,0.1,64,0.4,0.6917073170731707,0.6353092783505154,0.9372623574144486,0.7572964669738863,0.5918891084570299,0.5972525532049309
1,100,0.1,0.0,16,0.45,0.6273170731707317,0.5957446808510638,0.8517110266159695,0.701095461658842,0.6382298536460452,0.5360842553523189
1,100,0.1,0.0,32,0.45,0.6478048780487805,0.6122448979591837,0.8555133079847909,0.7137192704203014,0.6377334454097543,0.5463628053265265
1,100,0.1,0.0,64,0.5,0.6780487804878049,0.6550632911392406,0.7870722433460076,0.7150259067357513,0.6454094656371844,0.5467550296324674
1,100,0.1,0.001,16,0.4,0.5541463414634147,0.5386338185890257,0.9144486692015209,0.6779422128259338,0.6942938328170325,0.497088001142798
1,100,0.1,0.001,32,0.5,0.6624390243902439,0.6415094339622641,0.7756653992395437,0.7022375215146299,0.6527700523570439,0.5341399013714944
1,100,0.1,0.001,64,0.5,0.6673170731707317,0.6407914764079148,0.8003802281368821,0.7117497886728656,0.648515428163035,0.5423478396082432
1,100,0.1,0.01,16,0.4,0.6029268292682927,0.5761843790012804,0.8555133079847909,0.6885998469778117,0.6532912345896478,0.5205278520329932
1,100,0.1,0.01,32,0.45,0.6341463414634146,0.6050069541029207,0.8269961977186312,0.6987951807228916,0.6454502008368549,0.5320746159065849
1,100,0.1,0.01,64,0.45,0.615609756097561,0.5783847980997625,0.9258555133079848,0.7119883040935673,0.645646680946452,0.54202600986221
1,100,0.1,0.1,16,0.4,0.5424390243902439,0.5350553505535055,0.8269961977186312,0.6497386109036595,0.6921293152544763,0.4752281234600705
1,100,0.1,0.1,32,0.4,0.5414634146341464,0.5286298568507157,0.9828897338403042,0.6875,0.6641853575967782,0.516699713232327
1,100,0.1,0.1,64,0.45,0.5960975609756097,0.5643678160919541,0.9334600760456274,0.7034383954154728,0.6620994321205173,0.5293649158015273
1,200,0.0,0.0,16,0.4,0.7151219512195122,0.6845425867507886,0.8250950570342205,0.7482758620689656,0.5455748966027433,0.6082354846648873
1,200,0.0,0.0,32,0.4,0.7190243902439024,0.6803030303030303,0.8536121673003803,0.7571669477234402,0.5496605880582717,0.6129996754821635
1,200,0.0,0.0,64,0.4,0.7258536585365853,0.6858877086494689,0.8593155893536122,0.7628691983122363,0.543661738715047,0.6195857049001651
1,200,0.0,0.001,16,0.4,0.7248780487804878,0.6842900302114804,0.8612167300380228,0.7626262626262627,0.5524788109313375,0.6161641783399203
1,200,0.0,0.001,32,0.4,0.7258536585365853,0.6847662141779789,0.8631178707224335,0.7636669470142977,0.5484969384932574,0.6183872557012727
1,200,0.0,0.001,64,0.45,0.7248780487804878,0.6993464052287581,0.8136882129277566,0.7521968365553603,0.5463093659486384,0.6116639761795046
1,200,0.0,0.01,16,0.4,0.688780487804878,0.6519823788546255,0.844106463878327,0.7357083678541839,0.576118290258465,0.5864658604066229
1,200,0.0,0.01,32,0.4,0.7297560975609756,0.6985645933014354,0.8326996197718631,0.7597571552471812,0.5512634488613432,0.6151943040981066
1,200,0.0,0.01,64,0.4,0.7170731707317073,0.677710843373494,0.8555133079847909,0.7563025210084033,0.5479261171521105,0.6128831977370506
1,200,0.0,0.1,16,0.4,0.6809756097560976,0.6724436741767764,0.7376425855513308,0.7035358114233907,0.6091291273140502,0.5534685241780666
1,200,0.0,0.1,32,0.4,0.7004878048780487,0.6461949265687583,0.9201520912547528,0.7592156862745097,0.5890395839809857,0.5996877696281329
1,200,0.0,0.1,64,0.45,0.7034146341463414,0.6651785714285714,0.8498098859315589,0.7462437395659433,0.5860453815773031,0.5912091357545213
1,200,0.001,0.0,16,0.4,0.7014634146341463,0.6702786377708978,0.8231939163498099,0.7389078498293515,0.5771797680659365,0.5893076923865688
1,200,0.001,0.0,32,0.4,0.72,0.6858475894245724,0.8384030418250951,0.7544910179640718,0.5493615659110304,0.6114124269509869
1,200,0.001,0.0,64,0.4,0.7248780487804878,0.6876923076923077,0.8498098859315589,0.7602040816326531,0.5439852315074564,0.6175914732002712
1,200,0.001,0.001,16,0.4,0.7209756097560975,0.6834862385321101,0.8498098859315589,0.7576271186440678,0.5544200440545526,0.6117570896888516
1,200,0.001,0.001,32,0.4,0.7336585365853658,0.6949152542372882,0.8574144486692015,0.7676595744680851,0.5501439277862469,0.6211364131545654
1,200,0.001,0.001,64,0.4,0.7278048780487805,0.6874051593323217,0.8612167300380228,0.7645569620253164,0.5447309178414949,0.6205033651386094
1,200,0.001,0.01,16,0.4,0.7268292682926829,0.6863636363636364,0.8612167300380228,0.7639123102866779,0.5574553036335796,0.6153982040766485
1,200,0.001,0.01,32,0.4,0.7209756097560975,0.6829268292682927,0.8517110266159695,0.7580372250423012,0.5538905353860637,0.6122238854208422
1,200,0.001,0.01,64,0.4,0.7219512195121951,0.681203007518797,0.8612167300380228,0.760705289672544,0.549509443007204,0.6156984792673907
1,200,0.001,0.1,16,0.45,0.6751219512195122,0.6368794326241135,0.8536121673003803,0.7294882209585702,0.5904130825929587,0.5761115529592424
1,200,0.001,0.1,32,0.45,0.7053658536585365,0.6761006289308176,0.8174904942965779,0.7401032702237521,0.5859805969547732,0.5873265702144174
1,200,0.001,0.1,64,0.4,0.6946341463414634,0.6456908344733242,0.8973384030418251,0.750994431185362,0.581828235214387,0.5958324797002552
1,200,0.01,0.0,16,0.4,0.7190243902439024,0.6808510638297872,0.8517110266159695,0.7567567567567568,0.5593367870379627,0.6092316122725187
1,200,0.01,0.0,32,0.4,0.735609756097561,0.6905829596412556,0.8783269961977186,0.7732217573221757,0.5496010321972263,0.6252858731984885
1,200,0.01,0.0,64,0.4,0.7307317073170732,0.6882530120481928,0.8688212927756654,0.7680672268907563,0.546932003980362,0.6223363366847556
1,200,0.01,0.001,16,0.4,0.7160975609756097,0.6720351390922401,0.8726235741444867,0.7593052109181141,0.5537617064601102,0.6128141838799382
1,200,0.01,0.001,32,0.4,0.7180487804878048,0.6750369276218612,0.8688212927756654,0.7597672485453034,0.553888753909256,0.6132065690329559
1,200,0.01,0.001,64,0.4,0.7239024390243902,0.6784140969162996,0.8783269961977186,0.7655343827671914,0.5487508419668469,0.6194808007610708
1,200,0.01,0.01,16,0.45,0.713170731707317,0.6853035143769968,0.8155893536121673,0.7447916666666666,0.5659901000511244,0.5984348547059873
1,200,0.01,0.01,32,0.4,0.7326829268292683,0.6863905325443787,0.8821292775665399,0.7720465890183028,0.5556516005123074,0.6221026322925423
1,200,0.01,0.01,64,0.4,0.7239024390243902,0.6748201438848921,0.8916349809885932,0.7682227682227682,0.5525566619094222,0.6200576448478972
1,200,0.01,0.1,16,0.45,0.7004878048780487,0.6666666666666666,0.8326996197718631,0.7404902789518174,0.5940068102776271,0.5841913469083234
1,200,0.01,0.1,32,0.45,0.7034146341463414,0.663235294117647,0.8574144486692015,0.7479270315091211,0.6003353429351598,0.5872279735924086
1,200,0.01,0.1,64,0.4,0.6897560975609756,0.6354166666666666,0.9277566539923955,0.7542503863987635,0.5880696347989984,0.5961715562105552
1,200,0.1,0.0,16,0.5,0.6624390243902439,0.6271186440677966,0.844106463878327,0.7196110210696921,0.6253803045151274,0.555750041322867
1,200,0.1,0.0,32,0.45,0.6302439024390244,0.5893074119076549,0.9220532319391636,0.7190511489992587,0.6484931180442742,0.5465743884247999
1,200,0.1,0.0,64,0.5,0.6819512195121952,0.6492537313432836,0.8269961977186312,0.7274247491638796,0.6432188878642057,0.5560568712122995
1,200,0.1,0.001,16,0.45,0.6331707317073171,0.6160990712074303,0.7566539923954373,0.6791808873720137,0.6579196186185888,0.5141944019287537
1,200,0.1,0.001,32,0.45,0.6097560975609756,0.5799492385786802,0.8688212927756654,0.69558599695586,0.6493870745537226,0.5274560774861854
1,200,0.1,0.001,64,0.45,0.6263414634146341,0.5892634207240949,0.8973384030418251,0.7113790504898266,0.6408105883392141,0.5431258622492137
1,200,0.1,0.01,16,0.4,0.5824390243902439,0.559322033898305,0.8783269961977186,0.6834319526627219,0.6718362260121229,0.5095236001442243
1,200,0.1,0.01,32,0.5,0.68,0.6473214285714286,0.8269961977186312,0.7262103505843072,0.6420589974354061,0.5554924701286073
1,200,0.1,0.01,64,0.5,0.6848780487804879,0.6650406504065041,0.7775665399239544,0.7169149868536372,0.6427294130765787,0.5497879308806128
1,200,0.1,0.1,16,0.4,0.5853658536585366,0.5592028135990621,0.9068441064638784,0.6918056562726613,0.6736959907656943,0.5156390045702289
1,200,0.1,0.1,32,0.4,0.5746341463414634,0.5484913793103449,0.967680608365019,0.7001375515818432,0.6525803555469041,0.5307112662812333
1,200,0.1,0.1,64,0.45,0.6263414634146341,0.5894868585732165,0.8954372623574145,0.7109433962264151,0.6444253787750613,0.5414727050916112
1,500,0.0,0.0,16,0.4,0.7365853658536585,0.700626959247649,0.8498098859315589,0.7680412371134021,0.5482333605798727,0.6223616012560446
1,500,0.0,0.0,32,0.4,0.7326829268292683,0.688622754491018,0.8745247148288974,0.7705192629815746,0.545274566162083,0.6247692847610925
1,500,0.0,0.0,64,0.4,0.7278048780487805,0.6885496183206107,0.8574144486692015,0.7637595258255715,0.5444582606738007,0.6200608959669316
1,500,0.0,0.001,16,0.4,0.728780487804878,0.6850746268656717,0.8726235741444867,0.7675585284280937,0.5649556269832232,0.6153504964298097
1,500,0.0,0.001,32,0.4,0.7297560975609756,0.6900763358778625,0.8593155893536122,0.7654530059271804,0.5486002232003082,0.61987356633414
1,500,0.0,0.001,64,0.4,0.7268292682926829,0.6886503067484663,0.8536121673003803,0.7623089983022071,0.5440484583472018,0.6191495230490061
1,500,0.0,0.01,16,0.4,0.7170731707317073,0.695364238410596,0.7984790874524715,0.7433628318584071,0.5614336189948326,0.5997520198963007
